cell_id,dataset,task,output_type,model,split,cal_separate_from_val,method,mode,alpha,target_coverage,coverage_mean,coverage_std,avg_set_size,per_class_miscov,worst_class_miscov,worst_class,base_auroc,base_f1,monitor,seeds,status,validation_passed,run_id,date_run,commit_hash
mimic3-los-Transformer-LABEL-marginal,mimic3,los,multiclass,Transformer,patient 0.6/0.1/0.1/0.2,yes,LABEL,marginal,0.2,0.8,0.7988,0.0056,3.7836,0.3097 0.3538 0.3146 0.2527 0.2651 0.2543 0.2809 0.3015 0.0967 0.1208,0.3538,1,0.767,0.275,f1_macro,0-4,done,true,9161799,2026-06-22,0739be1
mimic3-los-Transformer-LABEL-marginal,mimic3,los,multiclass,Transformer,patient 0.6/0.1/0.1/0.2,yes,LABEL,marginal,0.1,0.9,0.9025,0.0029,5.0612,0.2029 0.2044 0.1772 0.1390 0.1185 0.1056 0.1202 0.1190 0.0424 0.0628,0.2044,1,0.767,0.275,f1_macro,0-4,done,true,9161799,2026-06-22,0739be1
mimic3-los-Transformer-LABEL-marginal,mimic3,los,multiclass,Transformer,patient 0.6/0.1/0.1/0.2,yes,LABEL,marginal,0.05,0.95,0.9527,0.0024,6.1074,0.1246 0.1279 0.0973 0.0725 0.0600 0.0451 0.0516 0.0456 0.0171 0.0278,0.1279,1,0.767,0.275,f1_macro,0-4,done,true,9161799,2026-06-22,0739be1
mimic3-los-Transformer-LABEL-marginal,mimic3,los,multiclass,Transformer,patient 0.6/0.1/0.1/0.2,yes,LABEL,marginal,0.01,0.99,0.99,0.0014,7.8595,0.0448 0.0353 0.0256 0.0147 0.0135 0.0096 0.0082 0.0045 0.0019 0.0045,0.0448,0,0.767,0.275,f1_macro,0-4,done,true,9161799,2026-06-22,0739be1
mimic3-los-Transformer-LABEL-class-conditional,mimic3,los,multiclass,Transformer,patient 0.6/0.1/0.1/0.2,yes,LABEL,class-conditional,0.2,0.8,0.7963,0.0031,4.1459,0.1700 0.2417 0.1944 0.1932 0.2176 0.1953 0.1924 0.2042 0.1951 0.2193,0.2417,1,0.767,0.275,f1_macro,0-4,flagged,false,9161799,2026-06-22,0739be1
mimic3-los-Transformer-LABEL-class-conditional,mimic3,los,multiclass,Transformer,patient 0.6/0.1/0.1/0.2,yes,LABEL,class-conditional,0.1,0.9,0.9023,0.0035,5.4756,0.0841 0.1430 0.0880 0.0888 0.0958 0.0863 0.0834 0.0989 0.0993 0.1049,0.143,1,0.767,0.275,f1_macro,0-4,flagged,false,9161799,2026-06-22,0739be1
mimic3-los-Transformer-LABEL-class-conditional,mimic3,los,multiclass,Transformer,patient 0.6/0.1/0.1/0.2,yes,LABEL,class-conditional,0.05,0.95,0.9522,0.0018,6.6112,0.0380 0.0767 0.0426 0.0429 0.0514 0.0425 0.0452 0.0484 0.0495 0.0462,0.0767,1,0.767,0.275,f1_macro,0-4,flagged,false,9161799,2026-06-22,0739be1
mimic3-los-Transformer-LABEL-class-conditional,mimic3,los,multiclass,Transformer,patient 0.6/0.1/0.1/0.2,yes,LABEL,class-conditional,0.01,0.99,0.991,0.0014,8.5208,0.0102 0.0083 0.0103 0.0079 0.0081 0.0056 0.0058 0.0093 0.0099 0.0105,0.0105,9,0.767,0.275,f1_macro,0-4,done,true,9161799,2026-06-22,0739be1
mimic3-los-RNN-LABEL-marginal,mimic3,los,multiclass,RNN,patient 0.6/0.1/0.1/0.2,yes,LABEL,marginal,0.2,0.8,0.803,0.0092,2.6677,0.2078 0.3099 0.2592 0.2633 0.2424 0.2538 0.3437 0.4179 0.0768 0.1102,0.4179,7,0.8592,0.3707,f1_macro,0-4,done,true,9161799,2026-06-22,0739be1
mimic3-los-RNN-LABEL-marginal,mimic3,los,multiclass,RNN,patient 0.6/0.1/0.1/0.2,yes,LABEL,marginal,0.1,0.9,0.8994,0.0083,3.5179,0.1614 0.1955 0.1528 0.1425 0.1237 0.1151 0.1438 0.1767 0.0351 0.0664,0.1955,1,0.8592,0.3707,f1_macro,0-4,done,true,9161799,2026-06-22,0739be1
mimic3-los-RNN-LABEL-marginal,mimic3,los,multiclass,RNN,patient 0.6/0.1/0.1/0.2,yes,LABEL,marginal,0.05,0.95,0.9501,0.0033,4.2311,0.1063 0.1080 0.0864 0.0767 0.0574 0.0488 0.0589 0.0688 0.0163 0.0388,0.108,1,0.8592,0.3707,f1_macro,0-4,done,true,9161799,2026-06-22,0739be1
mimic3-los-RNN-LABEL-marginal,mimic3,los,multiclass,RNN,patient 0.6/0.1/0.1/0.2,yes,LABEL,marginal,0.01,0.99,0.9906,0.0022,5.5481,0.0317 0.0252 0.0198 0.0144 0.0086 0.0099 0.0076 0.0067 0.0030 0.0079,0.0317,0,0.8592,0.3707,f1_macro,0-4,done,true,9161799,2026-06-22,0739be1
mimic3-los-RNN-LABEL-class-conditional,mimic3,los,multiclass,RNN,patient 0.6/0.1/0.1/0.2,yes,LABEL,class-conditional,0.2,0.8,0.7974,0.0076,2.8682,0.1903 0.2314 0.1962 0.1846 0.2020 0.1960 0.1891 0.1994 0.2029 0.2149,0.2314,1,0.8592,0.3707,f1_macro,0-4,flagged,false,9161799,2026-06-22,0739be1
mimic3-los-RNN-LABEL-class-conditional,mimic3,los,multiclass,RNN,patient 0.6/0.1/0.1/0.2,yes,LABEL,class-conditional,0.1,0.9,0.9006,0.007,3.7001,0.0910 0.0930 0.1022 0.0970 0.0993 0.0918 0.0905 0.0864 0.1008 0.1105,0.1105,9,0.8592,0.3707,f1_macro,0-4,done,true,9161799,2026-06-22,0739be1
mimic3-los-RNN-LABEL-class-conditional,mimic3,los,multiclass,RNN,patient 0.6/0.1/0.1/0.2,yes,LABEL,class-conditional,0.05,0.95,0.9498,0.0044,4.3311,0.0318 0.0483 0.0471 0.0585 0.0503 0.0456 0.0448 0.0473 0.0508 0.0552,0.0585,3,0.8592,0.3707,f1_macro,0-4,done,true,9161799,2026-06-22,0739be1
mimic3-los-RNN-LABEL-class-conditional,mimic3,los,multiclass,RNN,patient 0.6/0.1/0.1/0.2,yes,LABEL,class-conditional,0.01,0.99,0.9916,0.0016,5.9337,0.0039 0.0038 0.0089 0.0110 0.0071 0.0067 0.0064 0.0058 0.0095 0.0102,0.011,3,0.8592,0.3707,f1_macro,0-4,done,true,9161799,2026-06-22,0739be1
mimic3-los-RETAIN-LABEL-marginal,mimic3,los,multiclass,RETAIN,patient 0.6/0.1/0.1/0.2,yes,LABEL,marginal,0.2,0.8,0.8027,0.0101,2.8212,0.1841 0.2145 0.1788 0.2220 0.2193 0.2597 0.2899 0.4908 0.0962 0.1512,0.4908,7,0.8502,0.3481,f1_macro,0-4,done,true,9161799,2026-06-22,0739be1
mimic3-los-RETAIN-LABEL-marginal,mimic3,los,multiclass,RETAIN,patient 0.6/0.1/0.1/0.2,yes,LABEL,marginal,0.1,0.9,0.8998,0.0062,3.6961,0.1218 0.1114 0.0928 0.1102 0.0981 0.1017 0.1243 0.2167 0.0525 0.1051,0.2167,7,0.8502,0.3481,f1_macro,0-4,done,true,9161799,2026-06-22,0739be1
mimic3-los-RETAIN-LABEL-marginal,mimic3,los,multiclass,RETAIN,patient 0.6/0.1/0.1/0.2,yes,LABEL,marginal,0.05,0.95,0.9482,0.0038,4.4297,0.0739 0.0660 0.0498 0.0580 0.0443 0.0433 0.0508 0.0873 0.0274 0.0691,0.0873,7,0.8502,0.3481,f1_macro,0-4,done,true,9161799,2026-06-22,0739be1
mimic3-los-RETAIN-LABEL-marginal,mimic3,los,multiclass,RETAIN,patient 0.6/0.1/0.1/0.2,yes,LABEL,marginal,0.01,0.99,0.9893,0.0017,5.8151,0.0287 0.0196 0.0139 0.0120 0.0059 0.0056 0.0058 0.0092 0.0038 0.0198,0.0287,0,0.8502,0.3481,f1_macro,0-4,done,true,9161799,2026-06-22,0739be1
mimic3-los-RETAIN-LABEL-class-conditional,mimic3,los,multiclass,RETAIN,patient 0.6/0.1/0.1/0.2,yes,LABEL,class-conditional,0.2,0.8,0.8008,0.0061,3.0293,0.1832 0.2293 0.1923 0.1830 0.1990 0.1845 0.1819 0.2041 0.2039 0.2080,0.2293,1,0.8502,0.3481,f1_macro,0-4,flagged,false,9161799,2026-06-22,0739be1
mimic3-los-RETAIN-LABEL-class-conditional,mimic3,los,multiclass,RETAIN,patient 0.6/0.1/0.1/0.2,yes,LABEL,class-conditional,0.1,0.9,0.9013,0.0062,3.8219,0.0954 0.1086 0.0990 0.0989 0.1083 0.0813 0.0929 0.0997 0.0968 0.1037,0.1086,1,0.8502,0.3481,f1_macro,0-4,done,true,9161799,2026-06-22,0739be1
mimic3-los-RETAIN-LABEL-class-conditional,mimic3,los,multiclass,RETAIN,patient 0.6/0.1/0.1/0.2,yes,LABEL,class-conditional,0.05,0.95,0.9518,0.0036,4.5236,0.0494 0.0503 0.0516 0.0579 0.0536 0.0409 0.0436 0.0428 0.0474 0.0484,0.0579,3,0.8502,0.3481,f1_macro,0-4,done,true,9161799,2026-06-22,0739be1
mimic3-los-RETAIN-LABEL-class-conditional,mimic3,los,multiclass,RETAIN,patient 0.6/0.1/0.1/0.2,yes,LABEL,class-conditional,0.01,0.99,0.9911,0.0013,6.055,0.0101 0.0101 0.0083 0.0143 0.0077 0.0078 0.0089 0.0061 0.0087 0.0092,0.0143,3,0.8502,0.3481,f1_macro,0-4,done,true,9161799,2026-06-22,0739be1
mimic3-mortality-Transformer-LABEL-marginal,mimic3,mortality,binary,Transformer,patient 0.6/0.1/0.1/0.2,yes,LABEL,marginal,0.2,0.8,0.783,0.0194,0.8929,0.1083 0.9895,0.9895,1,0.562,0.4847,roc_auc_weighted_ovr,0-4,done,true,9161799,2026-06-22,0739be1
mimic3-mortality-Transformer-LABEL-marginal,mimic3,mortality,binary,Transformer,patient 0.6/0.1/0.1/0.2,yes,LABEL,marginal,0.1,0.9,0.8898,0.0136,1.1038,0.0063 0.8459,0.8459,1,0.562,0.4847,roc_auc_weighted_ovr,0-4,done,true,9161799,2026-06-22,0739be1
mimic3-mortality-Transformer-LABEL-marginal,mimic3,mortality,binary,Transformer,patient 0.6/0.1/0.1/0.2,yes,LABEL,marginal,0.05,0.95,0.9482,0.0038,1.5065,0.0000 0.4198,0.4198,1,0.562,0.4847,roc_auc_weighted_ovr,0-4,done,true,9161799,2026-06-22,0739be1
mimic3-mortality-Transformer-LABEL-marginal,mimic3,mortality,binary,Transformer,patient 0.6/0.1/0.1/0.2,yes,LABEL,marginal,0.01,0.99,0.9921,0.0013,1.8975,0.0000 0.0643,0.0643,1,0.562,0.4847,roc_auc_weighted_ovr,0-4,done,true,9161799,2026-06-22,0739be1
mimic3-mortality-Transformer-LABEL-class-conditional,mimic3,mortality,binary,Transformer,patient 0.6/0.1/0.1/0.2,yes,LABEL,class-conditional,0.2,0.8,0.8016,0.0136,1.5744,0.2024 0.1714,0.2024,0,0.562,0.4847,roc_auc_weighted_ovr,0-4,done,true,9161799,2026-06-22,0739be1
mimic3-mortality-Transformer-LABEL-class-conditional,mimic3,mortality,binary,Transformer,patient 0.6/0.1/0.1/0.2,yes,LABEL,class-conditional,0.1,0.9,0.8977,0.012,1.7758,0.1063 0.0744,0.1063,0,0.562,0.4847,roc_auc_weighted_ovr,0-4,done,true,9161799,2026-06-22,0739be1
mimic3-mortality-Transformer-LABEL-class-conditional,mimic3,mortality,binary,Transformer,patient 0.6/0.1/0.1/0.2,yes,LABEL,class-conditional,0.05,0.95,0.9476,0.004,1.8746,0.0542 0.0401,0.0542,0,0.562,0.4847,roc_auc_weighted_ovr,0-4,done,true,9161799,2026-06-22,0739be1
mimic3-mortality-Transformer-LABEL-class-conditional,mimic3,mortality,binary,Transformer,patient 0.6/0.1/0.1/0.2,yes,LABEL,class-conditional,0.01,0.99,,,,,,,0.562,0.4847,roc_auc_weighted_ovr,0-4,skipped,,9161799,2026-06-22,0739be1
mimic3-mortality-RNN-LABEL-marginal,mimic3,mortality,binary,RNN,patient 0.6/0.1/0.1/0.2,yes,LABEL,marginal,0.2,0.8,0.7907,0.0118,0.9047,0.1002 0.9847,0.9847,1,0.586,0.4842,roc_auc_weighted_ovr,0-4,done,true,9161799,2026-06-22,0739be1
mimic3-mortality-RNN-LABEL-marginal,mimic3,mortality,binary,RNN,patient 0.6/0.1/0.1/0.2,yes,LABEL,marginal,0.1,0.9,0.8918,0.0063,1.1044,0.0054 0.8395,0.8395,1,0.586,0.4842,roc_auc_weighted_ovr,0-4,done,true,9161799,2026-06-22,0739be1
mimic3-mortality-RNN-LABEL-marginal,mimic3,mortality,binary,RNN,patient 0.6/0.1/0.1/0.2,yes,LABEL,marginal,0.05,0.95,0.9506,0.0114,1.5056,0.0008 0.3931,0.3931,1,0.586,0.4842,roc_auc_weighted_ovr,0-4,done,true,9161799,2026-06-22,0739be1
mimic3-mortality-RNN-LABEL-marginal,mimic3,mortality,binary,RNN,patient 0.6/0.1/0.1/0.2,yes,LABEL,marginal,0.01,0.99,0.9903,0.0044,1.8821,0.0000 0.0775,0.0775,1,0.586,0.4842,roc_auc_weighted_ovr,0-4,done,true,9161799,2026-06-22,0739be1
mimic3-mortality-RNN-LABEL-class-conditional,mimic3,mortality,binary,RNN,patient 0.6/0.1/0.1/0.2,yes,LABEL,class-conditional,0.2,0.8,0.8132,0.0109,1.5339,0.1866 0.1866,0.1866,0,0.586,0.4842,roc_auc_weighted_ovr,0-4,done,true,9161799,2026-06-22,0739be1
mimic3-mortality-RNN-LABEL-class-conditional,mimic3,mortality,binary,RNN,patient 0.6/0.1/0.1/0.2,yes,LABEL,class-conditional,0.1,0.9,0.9029,0.0082,1.7586,0.0983 0.0876,0.0983,0,0.586,0.4842,roc_auc_weighted_ovr,0-4,done,true,9161799,2026-06-22,0739be1
mimic3-mortality-RNN-LABEL-class-conditional,mimic3,mortality,binary,RNN,patient 0.6/0.1/0.1/0.2,yes,LABEL,class-conditional,0.05,0.95,0.9487,0.0068,1.8743,0.0518 0.0469,0.0518,0,0.586,0.4842,roc_auc_weighted_ovr,0-4,done,true,9161799,2026-06-22,0739be1
mimic3-mortality-RNN-LABEL-class-conditional,mimic3,mortality,binary,RNN,patient 0.6/0.1/0.1/0.2,yes,LABEL,class-conditional,0.01,0.99,,,,,,,0.586,0.4842,roc_auc_weighted_ovr,0-4,skipped,,9161799,2026-06-22,0739be1
mimic3-mortality-RETAIN-LABEL-marginal,mimic3,mortality,binary,RETAIN,patient 0.6/0.1/0.1/0.2,yes,LABEL,marginal,0.2,0.8,0.7885,0.0152,0.8914,0.1009 0.9976,0.9976,1,0.5706,0.4801,roc_auc_weighted_ovr,0-4,done,true,9161799,2026-06-22,0739be1
mimic3-mortality-RETAIN-LABEL-marginal,mimic3,mortality,binary,RETAIN,patient 0.6/0.1/0.1/0.2,yes,LABEL,marginal,0.1,0.9,0.8963,0.0121,1.1012,0.0016 0.8300,0.83,1,0.5706,0.4801,roc_auc_weighted_ovr,0-4,done,true,9161799,2026-06-22,0739be1
mimic3-mortality-RETAIN-LABEL-marginal,mimic3,mortality,binary,RETAIN,patient 0.6/0.1/0.1/0.2,yes,LABEL,marginal,0.05,0.95,0.9451,0.0109,1.4771,0.0000 0.4438,0.4438,1,0.5706,0.4801,roc_auc_weighted_ovr,0-4,done,true,9161799,2026-06-22,0739be1
mimic3-mortality-RETAIN-LABEL-marginal,mimic3,mortality,binary,RETAIN,patient 0.6/0.1/0.1/0.2,yes,LABEL,marginal,0.01,0.99,0.9916,0.0046,1.9057,0.0000 0.0666,0.0666,1,0.5706,0.4801,roc_auc_weighted_ovr,0-4,done,true,9161799,2026-06-22,0739be1
mimic3-mortality-RETAIN-LABEL-class-conditional,mimic3,mortality,binary,RETAIN,patient 0.6/0.1/0.1/0.2,yes,LABEL,class-conditional,0.2,0.8,0.805,0.0194,1.5391,0.1940 0.2007,0.2007,1,0.5706,0.4801,roc_auc_weighted_ovr,0-4,done,true,9161799,2026-06-22,0739be1
mimic3-mortality-RETAIN-LABEL-class-conditional,mimic3,mortality,binary,RETAIN,patient 0.6/0.1/0.1/0.2,yes,LABEL,class-conditional,0.1,0.9,0.9013,0.0092,1.786,0.1020 0.0736,0.102,0,0.5706,0.4801,roc_auc_weighted_ovr,0-4,done,true,9161799,2026-06-22,0739be1
mimic3-mortality-RETAIN-LABEL-class-conditional,mimic3,mortality,binary,RETAIN,patient 0.6/0.1/0.1/0.2,yes,LABEL,class-conditional,0.05,0.95,0.9529,0.0074,1.901,0.0498 0.0272,0.0498,0,0.5706,0.4801,roc_auc_weighted_ovr,0-4,done,true,9161799,2026-06-22,0739be1
mimic3-mortality-RETAIN-LABEL-class-conditional,mimic3,mortality,binary,RETAIN,patient 0.6/0.1/0.1/0.2,yes,LABEL,class-conditional,0.01,0.99,,,,,,,0.5706,0.4801,roc_auc_weighted_ovr,0-4,skipped,,9161799,2026-06-22,0739be1
mimic3-readmission-Transformer-LABEL-marginal,mimic3,readmission,binary,Transformer,patient 0.6/0.1/0.1/0.2,yes,LABEL,marginal,0.2,0.8,0.7984,0.0129,1.2953,0.0655 0.5695,0.5695,1,0.5593,0.5236,roc_auc_weighted_ovr,0-4,done,true,9161799,2026-06-22,0739be1
mimic3-readmission-Transformer-LABEL-marginal,mimic3,readmission,binary,Transformer,patient 0.6/0.1/0.1/0.2,yes,LABEL,marginal,0.1,0.9,0.8992,0.0109,1.5984,0.0177 0.3243,0.3243,1,0.5593,0.5236,roc_auc_weighted_ovr,0-4,done,true,9161799,2026-06-22,0739be1
mimic3-readmission-Transformer-LABEL-marginal,mimic3,readmission,binary,Transformer,patient 0.6/0.1/0.1/0.2,yes,LABEL,marginal,0.05,0.95,0.9475,0.0084,1.7686,0.0041 0.1829,0.1829,1,0.5593,0.5236,roc_auc_weighted_ovr,0-4,done,true,9161799,2026-06-22,0739be1
mimic3-readmission-Transformer-LABEL-marginal,mimic3,readmission,binary,Transformer,patient 0.6/0.1/0.1/0.2,yes,LABEL,marginal,0.01,0.99,0.9899,0.0012,1.9472,0.0001 0.0369,0.0369,1,0.5593,0.5236,roc_auc_weighted_ovr,0-4,done,true,9161799,2026-06-22,0739be1
mimic3-readmission-Transformer-LABEL-class-conditional,mimic3,readmission,binary,Transformer,patient 0.6/0.1/0.1/0.2,yes,LABEL,class-conditional,0.2,0.8,0.8017,0.0145,1.5386,0.1991 0.1957,0.1991,0,0.5593,0.5236,roc_auc_weighted_ovr,0-4,done,true,9161799,2026-06-22,0739be1
mimic3-readmission-Transformer-LABEL-class-conditional,mimic3,readmission,binary,Transformer,patient 0.6/0.1/0.1/0.2,yes,LABEL,class-conditional,0.1,0.9,0.8936,0.0064,1.7458,0.1058 0.1076,0.1076,1,0.5593,0.5236,roc_auc_weighted_ovr,0-4,done,true,9161799,2026-06-22,0739be1
mimic3-readmission-Transformer-LABEL-class-conditional,mimic3,readmission,binary,Transformer,patient 0.6/0.1/0.1/0.2,yes,LABEL,class-conditional,0.05,0.95,0.9534,0.0052,1.8851,0.0467 0.0463,0.0467,0,0.5593,0.5236,roc_auc_weighted_ovr,0-4,done,true,9161799,2026-06-22,0739be1
mimic3-readmission-Transformer-LABEL-class-conditional,mimic3,readmission,binary,Transformer,patient 0.6/0.1/0.1/0.2,yes,LABEL,class-conditional,0.01,0.99,0.9919,0.0027,1.9806,0.0082 0.0076,0.0082,0,0.5593,0.5236,roc_auc_weighted_ovr,0-4,done,true,9161799,2026-06-22,0739be1
mimic3-readmission-RNN-LABEL-marginal,mimic3,readmission,binary,RNN,patient 0.6/0.1/0.1/0.2,yes,LABEL,marginal,0.2,0.8,0.803,0.0177,1.2139,0.0153 0.6849,0.6849,1,0.5954,0.5032,roc_auc_weighted_ovr,0-4,done,true,9161799,2026-06-22,0739be1
mimic3-readmission-RNN-LABEL-marginal,mimic3,readmission,binary,RNN,patient 0.6/0.1/0.1/0.2,yes,LABEL,marginal,0.1,0.9,0.9006,0.0132,1.5417,0.0021 0.3606,0.3606,1,0.5954,0.5032,roc_auc_weighted_ovr,0-4,done,true,9161799,2026-06-22,0739be1
mimic3-readmission-RNN-LABEL-marginal,mimic3,readmission,binary,RNN,patient 0.6/0.1/0.1/0.2,yes,LABEL,marginal,0.05,0.95,0.9475,0.005,1.7339,0.0001 0.1933,0.1933,1,0.5954,0.5032,roc_auc_weighted_ovr,0-4,done,true,9161799,2026-06-22,0739be1
mimic3-readmission-RNN-LABEL-marginal,mimic3,readmission,binary,RNN,patient 0.6/0.1/0.1/0.2,yes,LABEL,marginal,0.01,0.99,0.9894,0.0031,1.9369,0.0000 0.0393,0.0393,1,0.5954,0.5032,roc_auc_weighted_ovr,0-4,done,true,9161799,2026-06-22,0739be1
mimic3-readmission-RNN-LABEL-class-conditional,mimic3,readmission,binary,RNN,patient 0.6/0.1/0.1/0.2,yes,LABEL,class-conditional,0.2,0.8,0.8071,0.0227,1.5074,0.1922 0.1939,0.1939,1,0.5954,0.5032,roc_auc_weighted_ovr,0-4,done,true,9161799,2026-06-22,0739be1
mimic3-readmission-RNN-LABEL-class-conditional,mimic3,readmission,binary,RNN,patient 0.6/0.1/0.1/0.2,yes,LABEL,class-conditional,0.1,0.9,0.9046,0.0142,1.7417,0.0935 0.0998,0.0998,1,0.5954,0.5032,roc_auc_weighted_ovr,0-4,done,true,9161799,2026-06-22,0739be1
mimic3-readmission-RNN-LABEL-class-conditional,mimic3,readmission,binary,RNN,patient 0.6/0.1/0.1/0.2,yes,LABEL,class-conditional,0.05,0.95,0.9557,0.0051,1.8597,0.0390 0.0581,0.0581,1,0.5954,0.5032,roc_auc_weighted_ovr,0-4,done,true,9161799,2026-06-22,0739be1
mimic3-readmission-RNN-LABEL-class-conditional,mimic3,readmission,binary,RNN,patient 0.6/0.1/0.1/0.2,yes,LABEL,class-conditional,0.01,0.99,0.9935,0.002,1.977,0.0056 0.0086,0.0086,1,0.5954,0.5032,roc_auc_weighted_ovr,0-4,done,true,9161799,2026-06-22,0739be1
mimic3-readmission-RETAIN-LABEL-marginal,mimic3,readmission,binary,RETAIN,patient 0.6/0.1/0.1/0.2,yes,LABEL,marginal,0.2,0.8,0.7991,0.0176,1.2013,0.0009 0.7398,0.7398,1,0.5824,0.4442,roc_auc_weighted_ovr,0-4,done,true,9161799,2026-06-22,0739be1
mimic3-readmission-RETAIN-LABEL-marginal,mimic3,readmission,binary,RETAIN,patient 0.6/0.1/0.1/0.2,yes,LABEL,marginal,0.1,0.9,0.894,0.0159,1.5267,0.0000 0.3904,0.3904,1,0.5824,0.4442,roc_auc_weighted_ovr,0-4,done,true,9161799,2026-06-22,0739be1
mimic3-readmission-RETAIN-LABEL-marginal,mimic3,readmission,binary,RETAIN,patient 0.6/0.1/0.1/0.2,yes,LABEL,marginal,0.05,0.95,0.9479,0.0086,1.7468,0.0000 0.1925,0.1925,1,0.5824,0.4442,roc_auc_weighted_ovr,0-4,done,true,9161799,2026-06-22,0739be1
mimic3-readmission-RETAIN-LABEL-marginal,mimic3,readmission,binary,RETAIN,patient 0.6/0.1/0.1/0.2,yes,LABEL,marginal,0.01,0.99,0.9889,0.0011,1.9302,0.0000 0.0410,0.041,1,0.5824,0.4442,roc_auc_weighted_ovr,0-4,done,true,9161799,2026-06-22,0739be1
mimic3-readmission-RETAIN-LABEL-class-conditional,mimic3,readmission,binary,RETAIN,patient 0.6/0.1/0.1/0.2,yes,LABEL,class-conditional,0.2,0.8,0.8063,0.0225,1.518,0.1909 0.2007,0.2007,1,0.5824,0.4442,roc_auc_weighted_ovr,0-4,done,true,9161799,2026-06-22,0739be1
mimic3-readmission-RETAIN-LABEL-class-conditional,mimic3,readmission,binary,RETAIN,patient 0.6/0.1/0.1/0.2,yes,LABEL,class-conditional,0.1,0.9,0.8964,0.015,1.7248,0.0974 0.1203,0.1203,1,0.5824,0.4442,roc_auc_weighted_ovr,0-4,done,true,9161799,2026-06-22,0739be1
mimic3-readmission-RETAIN-LABEL-class-conditional,mimic3,readmission,binary,RETAIN,patient 0.6/0.1/0.1/0.2,yes,LABEL,class-conditional,0.05,0.95,0.9506,0.0094,1.8548,0.0464 0.0575,0.0575,1,0.5824,0.4442,roc_auc_weighted_ovr,0-4,done,true,9161799,2026-06-22,0739be1
mimic3-readmission-RETAIN-LABEL-class-conditional,mimic3,readmission,binary,RETAIN,patient 0.6/0.1/0.1/0.2,yes,LABEL,class-conditional,0.01,0.99,0.9917,0.0037,1.9759,0.0087 0.0071,0.0087,0,0.5824,0.4442,roc_auc_weighted_ovr,0-4,done,true,9161799,2026-06-22,0739be1
mimic4-los-Transformer-LABEL-marginal,mimic4,los,multiclass,Transformer,patient 0.6/0.1/0.1/0.2,yes,LABEL,marginal,0.2,0.8,0.8021,0.003,3.5996,0.1819 0.1499 0.1510 0.1620 0.2335 0.2830 0.3710 0.4870 0.1183 0.1438,0.487,7,0.8068,0.3164,f1_macro,0-4,done,true,9161798,2026-06-22,0739be1
mimic4-los-Transformer-LABEL-marginal,mimic4,los,multiclass,Transformer,patient 0.6/0.1/0.1/0.2,yes,LABEL,marginal,0.1,0.9,0.901,0.0022,4.7292,0.1138 0.0836 0.0806 0.0776 0.1026 0.1212 0.1666 0.2162 0.0649 0.0925,0.2162,7,0.8068,0.3164,f1_macro,0-4,done,true,9161798,2026-06-22,0739be1
mimic4-los-Transformer-LABEL-marginal,mimic4,los,multiclass,Transformer,patient 0.6/0.1/0.1/0.2,yes,LABEL,marginal,0.05,0.95,0.9513,0.0012,5.6751,0.0659 0.0451 0.0407 0.0363 0.0452 0.0530 0.0749 0.0960 0.0326 0.0547,0.096,7,0.8068,0.3164,f1_macro,0-4,done,true,9161798,2026-06-22,0739be1
mimic4-los-Transformer-LABEL-marginal,mimic4,los,multiclass,Transformer,patient 0.6/0.1/0.1/0.2,yes,LABEL,marginal,0.01,0.99,0.9895,0.0005,7.2716,0.0191 0.0120 0.0084 0.0077 0.0073 0.0083 0.0124 0.0142 0.0075 0.0170,0.0191,0,0.8068,0.3164,f1_macro,0-4,done,true,9161798,2026-06-22,0739be1
mimic4-los-Transformer-LABEL-class-conditional,mimic4,los,multiclass,Transformer,patient 0.6/0.1/0.1/0.2,yes,LABEL,class-conditional,0.2,0.8,0.8032,0.0037,3.7658,0.1975 0.2026 0.1968 0.1968 0.1952 0.1845 0.1995 0.2044 0.1949 0.1970,0.2044,7,0.8068,0.3164,f1_macro,0-4,done,true,9161798,2026-06-22,0739be1
mimic4-los-Transformer-LABEL-class-conditional,mimic4,los,multiclass,Transformer,patient 0.6/0.1/0.1/0.2,yes,LABEL,class-conditional,0.1,0.9,0.9006,0.0036,4.8345,0.0965 0.1020 0.1022 0.1017 0.0968 0.0925 0.0994 0.0972 0.0974 0.1038,0.1038,9,0.8068,0.3164,f1_macro,0-4,done,true,9161798,2026-06-22,0739be1
mimic4-los-Transformer-LABEL-class-conditional,mimic4,los,multiclass,Transformer,patient 0.6/0.1/0.1/0.2,yes,LABEL,class-conditional,0.05,0.95,0.9505,0.0022,5.7472,0.0479 0.0496 0.0514 0.0491 0.0469 0.0481 0.0497 0.0516 0.0489 0.0523,0.0523,9,0.8068,0.3164,f1_macro,0-4,done,true,9161798,2026-06-22,0739be1
mimic4-los-Transformer-LABEL-class-conditional,mimic4,los,multiclass,Transformer,patient 0.6/0.1/0.1/0.2,yes,LABEL,class-conditional,0.01,0.99,0.99,0.0005,7.4191,0.0093 0.0095 0.0106 0.0104 0.0097 0.0109 0.0084 0.0082 0.0108 0.0108,0.0109,5,0.8068,0.3164,f1_macro,0-4,done,true,9161798,2026-06-22,0739be1
mimic4-los-RNN-LABEL-marginal,mimic4,los,multiclass,RNN,patient 0.6/0.1/0.1/0.2,yes,LABEL,marginal,0.2,0.8,0.7992,0.0031,2.7895,0.1314 0.0978 0.1070 0.1652 0.2136 0.3634 0.4055 0.5142 0.1854 0.1839,0.5142,7,0.8606,0.3826,f1_macro,0-4,done,true,9161798,2026-06-22,0739be1
mimic4-los-RNN-LABEL-marginal,mimic4,los,multiclass,RNN,patient 0.6/0.1/0.1/0.2,yes,LABEL,marginal,0.1,0.9,0.9004,0.0013,3.6843,0.0722 0.0463 0.0472 0.0674 0.0907 0.1624 0.2004 0.2629 0.1069 0.1305,0.2629,7,0.8606,0.3826,f1_macro,0-4,done,true,9161798,2026-06-22,0739be1
mimic4-los-RNN-LABEL-marginal,mimic4,los,multiclass,RNN,patient 0.6/0.1/0.1/0.2,yes,LABEL,marginal,0.05,0.95,0.9513,0.0013,4.4352,0.0386 0.0202 0.0197 0.0246 0.0394 0.0729 0.1022 0.1266 0.0568 0.0875,0.1266,7,0.8606,0.3826,f1_macro,0-4,done,true,9161798,2026-06-22,0739be1
mimic4-los-RNN-LABEL-marginal,mimic4,los,multiclass,RNN,patient 0.6/0.1/0.1/0.2,yes,LABEL,marginal,0.01,0.99,0.9897,0.0006,5.7871,0.0096 0.0034 0.0030 0.0027 0.0049 0.0133 0.0196 0.0260 0.0137 0.0305,0.0305,9,0.8606,0.3826,f1_macro,0-4,done,true,9161798,2026-06-22,0739be1
mimic4-los-RNN-LABEL-class-conditional,mimic4,los,multiclass,RNN,patient 0.6/0.1/0.1/0.2,yes,LABEL,class-conditional,0.2,0.8,0.7997,0.0039,2.9136,0.1959 0.2019 0.1988 0.2027 0.1964 0.2020 0.1943 0.2104 0.1966 0.2094,0.2104,7,0.8606,0.3826,f1_macro,0-4,done,true,9161798,2026-06-22,0739be1
mimic4-los-RNN-LABEL-class-conditional,mimic4,los,multiclass,RNN,patient 0.6/0.1/0.1/0.2,yes,LABEL,class-conditional,0.1,0.9,0.9012,0.001,3.7585,0.0932 0.0989 0.1001 0.0996 0.0946 0.0951 0.0988 0.1035 0.0990 0.1065,0.1065,9,0.8606,0.3826,f1_macro,0-4,done,true,9161798,2026-06-22,0739be1
mimic4-los-RNN-LABEL-class-conditional,mimic4,los,multiclass,RNN,patient 0.6/0.1/0.1/0.2,yes,LABEL,class-conditional,0.05,0.95,0.9508,0.0012,4.4696,0.0436 0.0461 0.0492 0.0494 0.0473 0.0483 0.0535 0.0508 0.0516 0.0545,0.0545,9,0.8606,0.3826,f1_macro,0-4,done,true,9161798,2026-06-22,0739be1
mimic4-los-RNN-LABEL-class-conditional,mimic4,los,multiclass,RNN,patient 0.6/0.1/0.1/0.2,yes,LABEL,class-conditional,0.01,0.99,0.9901,0.001,5.8189,0.0073 0.0100 0.0097 0.0081 0.0101 0.0119 0.0092 0.0135 0.0110 0.0095,0.0135,7,0.8606,0.3826,f1_macro,0-4,done,true,9161798,2026-06-22,0739be1
mimic4-los-RETAIN-LABEL-marginal,mimic4,los,multiclass,RETAIN,patient 0.6/0.1/0.1/0.2,yes,LABEL,marginal,0.2,0.8,0.7983,0.0037,2.8488,0.1253 0.0956 0.0926 0.1477 0.1973 0.3367 0.4469 0.5663 0.1962 0.2250,0.5663,7,0.8559,0.3732,f1_macro,0-4,done,true,9161798,2026-06-22,0739be1
mimic4-los-RETAIN-LABEL-marginal,mimic4,los,multiclass,RETAIN,patient 0.6/0.1/0.1/0.2,yes,LABEL,marginal,0.1,0.9,0.8991,0.0028,3.7864,0.0708 0.0461 0.0397 0.0580 0.0801 0.1521 0.2187 0.2861 0.1157 0.1576,0.2861,7,0.8559,0.3732,f1_macro,0-4,done,true,9161798,2026-06-22,0739be1
mimic4-los-RETAIN-LABEL-marginal,mimic4,los,multiclass,RETAIN,patient 0.6/0.1/0.1/0.2,yes,LABEL,marginal,0.05,0.95,0.9497,0.002,4.5505,0.0367 0.0204 0.0179 0.0223 0.0312 0.0695 0.1078 0.1452 0.0632 0.1040,0.1452,7,0.8559,0.3732,f1_macro,0-4,done,true,9161798,2026-06-22,0739be1
mimic4-los-RETAIN-LABEL-marginal,mimic4,los,multiclass,RETAIN,patient 0.6/0.1/0.1/0.2,yes,LABEL,marginal,0.01,0.99,0.9895,0.0006,5.9404,0.0069 0.0034 0.0030 0.0028 0.0041 0.0109 0.0213 0.0288 0.0150 0.0341,0.0341,9,0.8559,0.3732,f1_macro,0-4,done,true,9161798,2026-06-22,0739be1
mimic4-los-RETAIN-LABEL-class-conditional,mimic4,los,multiclass,RETAIN,patient 0.6/0.1/0.1/0.2,yes,LABEL,class-conditional,0.2,0.8,0.7975,0.0055,2.9542,0.1922 0.2004 0.1980 0.2026 0.2014 0.2087 0.2117 0.2146 0.2004 0.2088,0.2146,7,0.8559,0.3732,f1_macro,0-4,done,true,9161798,2026-06-22,0739be1
mimic4-los-RETAIN-LABEL-class-conditional,mimic4,los,multiclass,RETAIN,patient 0.6/0.1/0.1/0.2,yes,LABEL,class-conditional,0.1,0.9,0.9001,0.0033,3.8335,0.0893 0.0970 0.1012 0.1001 0.0990 0.1017 0.1070 0.1034 0.0993 0.1041,0.107,6,0.8559,0.3732,f1_macro,0-4,done,true,9161798,2026-06-22,0739be1
mimic4-los-RETAIN-LABEL-class-conditional,mimic4,los,multiclass,RETAIN,patient 0.6/0.1/0.1/0.2,yes,LABEL,class-conditional,0.05,0.95,0.9498,0.0018,4.568,0.0388 0.0491 0.0508 0.0511 0.0484 0.0527 0.0549 0.0485 0.0517 0.0542,0.0549,6,0.8559,0.3732,f1_macro,0-4,done,true,9161798,2026-06-22,0739be1
mimic4-los-RETAIN-LABEL-class-conditional,mimic4,los,multiclass,RETAIN,patient 0.6/0.1/0.1/0.2,yes,LABEL,class-conditional,0.01,0.99,0.9905,0.0008,5.9589,0.0070 0.0091 0.0098 0.0100 0.0082 0.0091 0.0106 0.0112 0.0104 0.0096,0.0112,7,0.8559,0.3732,f1_macro,0-4,done,true,9161798,2026-06-22,0739be1
mimic4-mortality-Transformer-LABEL-marginal,mimic4,mortality,binary,Transformer,patient 0.6/0.1/0.1/0.2,yes,LABEL,marginal,0.2,0.8,0.8002,0.0049,0.8142,0.1812 1.0000,1.0,1,0.6819,0.4962,roc_auc_weighted_ovr,0-4,done,true,9161798,2026-06-22,0739be1
mimic4-mortality-Transformer-LABEL-marginal,mimic4,mortality,binary,Transformer,patient 0.6/0.1/0.1/0.2,yes,LABEL,marginal,0.1,0.9,0.8983,0.0037,0.9165,0.0808 1.0000,1.0,1,0.6819,0.4962,roc_auc_weighted_ovr,0-4,done,true,9161798,2026-06-22,0739be1
mimic4-mortality-Transformer-LABEL-marginal,mimic4,mortality,binary,Transformer,patient 0.6/0.1/0.1/0.2,yes,LABEL,marginal,0.05,0.95,0.9511,0.0024,0.9721,0.0267 1.0000,1.0,1,0.6819,0.4962,roc_auc_weighted_ovr,0-4,done,true,9161798,2026-06-22,0739be1
mimic4-mortality-Transformer-LABEL-marginal,mimic4,mortality,binary,Transformer,patient 0.6/0.1/0.1/0.2,yes,LABEL,marginal,0.01,0.99,0.9907,0.0008,1.3446,0.0000 0.4069,0.4069,1,0.6819,0.4962,roc_auc_weighted_ovr,0-4,done,true,9161798,2026-06-22,0739be1
mimic4-mortality-Transformer-LABEL-class-conditional,mimic4,mortality,binary,Transformer,patient 0.6/0.1/0.1/0.2,yes,LABEL,class-conditional,0.2,0.8,0.7993,0.0042,1.3539,0.2008 0.1977,0.2008,0,0.6819,0.4962,roc_auc_weighted_ovr,0-4,done,true,9161798,2026-06-22,0739be1
mimic4-mortality-Transformer-LABEL-class-conditional,mimic4,mortality,binary,Transformer,patient 0.6/0.1/0.1/0.2,yes,LABEL,class-conditional,0.1,0.9,0.8971,0.0033,1.5942,0.1029 0.1016,0.1029,0,0.6819,0.4962,roc_auc_weighted_ovr,0-4,done,true,9161798,2026-06-22,0739be1
mimic4-mortality-Transformer-LABEL-class-conditional,mimic4,mortality,binary,Transformer,patient 0.6/0.1/0.1/0.2,yes,LABEL,class-conditional,0.05,0.95,0.9492,0.0025,1.7484,0.0507 0.0557,0.0557,1,0.6819,0.4962,roc_auc_weighted_ovr,0-4,done,true,9161798,2026-06-22,0739be1
mimic4-mortality-Transformer-LABEL-class-conditional,mimic4,mortality,binary,Transformer,patient 0.6/0.1/0.1/0.2,yes,LABEL,class-conditional,0.01,0.99,0.9902,0.0009,1.9167,0.0098 0.0078,0.0098,0,0.6819,0.4962,roc_auc_weighted_ovr,0-4,done,true,9161798,2026-06-22,0739be1
mimic4-mortality-RNN-LABEL-marginal,mimic4,mortality,binary,RNN,patient 0.6/0.1/0.1/0.2,yes,LABEL,marginal,0.2,0.8,0.803,0.0047,0.8146,0.1784 1.0000,1.0,1,0.7414,0.4972,roc_auc_weighted_ovr,0-4,done,true,9161798,2026-06-22,0739be1
mimic4-mortality-RNN-LABEL-marginal,mimic4,mortality,binary,RNN,patient 0.6/0.1/0.1/0.2,yes,LABEL,marginal,0.1,0.9,0.9018,0.0066,0.9184,0.0773 1.0000,1.0,1,0.7414,0.4972,roc_auc_weighted_ovr,0-4,done,true,9161798,2026-06-22,0739be1
mimic4-mortality-RNN-LABEL-marginal,mimic4,mortality,binary,RNN,patient 0.6/0.1/0.1/0.2,yes,LABEL,marginal,0.05,0.95,0.9512,0.0036,0.971,0.0267 1.0000,1.0,1,0.7414,0.4972,roc_auc_weighted_ovr,0-4,done,true,9161798,2026-06-22,0739be1
mimic4-mortality-RNN-LABEL-marginal,mimic4,mortality,binary,RNN,patient 0.6/0.1/0.1/0.2,yes,LABEL,marginal,0.01,0.99,0.9908,0.0008,1.2558,0.0000 0.4035,0.4035,1,0.7414,0.4972,roc_auc_weighted_ovr,0-4,done,true,9161798,2026-06-22,0739be1
mimic4-mortality-RNN-LABEL-class-conditional,mimic4,mortality,binary,RNN,patient 0.6/0.1/0.1/0.2,yes,LABEL,class-conditional,0.2,0.8,0.8019,0.0049,1.2548,0.1979 0.2029,0.2029,1,0.7414,0.4972,roc_auc_weighted_ovr,0-4,done,true,9161798,2026-06-22,0739be1
mimic4-mortality-RNN-LABEL-class-conditional,mimic4,mortality,binary,RNN,patient 0.6/0.1/0.1/0.2,yes,LABEL,class-conditional,0.1,0.9,0.9003,0.0057,1.5232,0.0995 0.1063,0.1063,1,0.7414,0.4972,roc_auc_weighted_ovr,0-4,done,true,9161798,2026-06-22,0739be1
mimic4-mortality-RNN-LABEL-class-conditional,mimic4,mortality,binary,RNN,patient 0.6/0.1/0.1/0.2,yes,LABEL,class-conditional,0.05,0.95,0.9509,0.0039,1.7024,0.0491 0.0513,0.0513,1,0.7414,0.4972,roc_auc_weighted_ovr,0-4,done,true,9161798,2026-06-22,0739be1
mimic4-mortality-RNN-LABEL-class-conditional,mimic4,mortality,binary,RNN,patient 0.6/0.1/0.1/0.2,yes,LABEL,class-conditional,0.01,0.99,0.9899,0.0012,1.8917,0.0100 0.0126,0.0126,1,0.7414,0.4972,roc_auc_weighted_ovr,0-4,done,true,9161798,2026-06-22,0739be1
mimic4-mortality-RETAIN-LABEL-marginal,mimic4,mortality,binary,RETAIN,patient 0.6/0.1/0.1/0.2,yes,LABEL,marginal,0.2,0.8,0.8023,0.0084,0.8144,0.1790 1.0000,1.0,1,0.734,0.4956,roc_auc_weighted_ovr,0-4,done,true,9161798,2026-06-22,0739be1
mimic4-mortality-RETAIN-LABEL-marginal,mimic4,mortality,binary,RETAIN,patient 0.6/0.1/0.1/0.2,yes,LABEL,marginal,0.1,0.9,0.9033,0.0062,0.9203,0.0757 1.0000,1.0,1,0.734,0.4956,roc_auc_weighted_ovr,0-4,done,true,9161798,2026-06-22,0739be1
mimic4-mortality-RETAIN-LABEL-marginal,mimic4,mortality,binary,RETAIN,patient 0.6/0.1/0.1/0.2,yes,LABEL,marginal,0.05,0.95,0.9518,0.0043,0.972,0.0261 1.0000,1.0,1,0.734,0.4956,roc_auc_weighted_ovr,0-4,done,true,9161798,2026-06-22,0739be1
mimic4-mortality-RETAIN-LABEL-marginal,mimic4,mortality,binary,RETAIN,patient 0.6/0.1/0.1/0.2,yes,LABEL,marginal,0.01,0.99,0.9903,0.0007,1.2526,0.0000 0.4286,0.4286,1,0.734,0.4956,roc_auc_weighted_ovr,0-4,done,true,9161798,2026-06-22,0739be1
mimic4-mortality-RETAIN-LABEL-class-conditional,mimic4,mortality,binary,RETAIN,patient 0.6/0.1/0.1/0.2,yes,LABEL,class-conditional,0.2,0.8,0.8005,0.0087,1.2751,0.1995 0.1971,0.1995,0,0.734,0.4956,roc_auc_weighted_ovr,0-4,done,true,9161798,2026-06-22,0739be1
mimic4-mortality-RETAIN-LABEL-class-conditional,mimic4,mortality,binary,RETAIN,patient 0.6/0.1/0.1/0.2,yes,LABEL,class-conditional,0.1,0.9,0.9021,0.0079,1.543,0.0981 0.0901,0.0981,0,0.734,0.4956,roc_auc_weighted_ovr,0-4,done,true,9161798,2026-06-22,0739be1
mimic4-mortality-RETAIN-LABEL-class-conditional,mimic4,mortality,binary,RETAIN,patient 0.6/0.1/0.1/0.2,yes,LABEL,class-conditional,0.05,0.95,0.9503,0.0054,1.7116,0.0498 0.0456,0.0498,0,0.734,0.4956,roc_auc_weighted_ovr,0-4,done,true,9161798,2026-06-22,0739be1
mimic4-mortality-RETAIN-LABEL-class-conditional,mimic4,mortality,binary,RETAIN,patient 0.6/0.1/0.1/0.2,yes,LABEL,class-conditional,0.01,0.99,0.9903,0.0013,1.91,0.0098 0.0072,0.0098,0,0.734,0.4956,roc_auc_weighted_ovr,0-4,done,true,9161798,2026-06-22,0739be1
mimic4-readmission-Transformer-LABEL-marginal,mimic4,readmission,binary,Transformer,patient 0.6/0.1/0.1/0.2,yes,LABEL,marginal,0.2,0.8,0.8021,0.0004,1.3092,0.0672 0.4388,0.4388,1,,,roc_auc_weighted_ovr,0-4,done,true,9135307,2026-06-20,4296c5d
mimic4-readmission-Transformer-LABEL-marginal,mimic4,readmission,binary,Transformer,patient 0.6/0.1/0.1/0.2,yes,LABEL,marginal,0.1,0.9,0.9018,0.0029,1.5792,0.0265 0.2302,0.2302,1,,,roc_auc_weighted_ovr,0-4,done,true,9135307,2026-06-20,4296c5d
mimic4-readmission-Transformer-LABEL-marginal,mimic4,readmission,binary,Transformer,patient 0.6/0.1/0.1/0.2,yes,LABEL,marginal,0.05,0.95,0.9516,0.0021,1.7496,0.0126 0.1143,0.1143,1,,,roc_auc_weighted_ovr,0-4,done,true,9135307,2026-06-20,4296c5d
mimic4-readmission-Transformer-LABEL-marginal,mimic4,readmission,binary,Transformer,patient 0.6/0.1/0.1/0.2,yes,LABEL,marginal,0.01,0.99,0.9905,0.0017,1.9221,0.0030 0.0215,0.0215,1,,,roc_auc_weighted_ovr,0-4,done,true,9135307,2026-06-20,4296c5d
mimic4-readmission-Transformer-LABEL-class-conditional,mimic4,readmission,binary,Transformer,patient 0.6/0.1/0.1/0.2,yes,LABEL,class-conditional,0.2,0.8,0.7986,0.0042,1.4026,0.2041 0.1965,0.2041,0,,,roc_auc_weighted_ovr,0-4,done,true,9135307,2026-06-20,4296c5d
mimic4-readmission-Transformer-LABEL-class-conditional,mimic4,readmission,binary,Transformer,patient 0.6/0.1/0.1/0.2,yes,LABEL,class-conditional,0.1,0.9,0.8994,0.0063,1.6497,0.1013 0.0993,0.1013,0,,,roc_auc_weighted_ovr,0-4,done,true,9135307,2026-06-20,4296c5d
mimic4-readmission-Transformer-LABEL-class-conditional,mimic4,readmission,binary,Transformer,patient 0.6/0.1/0.1/0.2,yes,LABEL,class-conditional,0.05,0.95,0.9502,0.0038,1.7907,0.0501 0.0493,0.0501,0,,,roc_auc_weighted_ovr,0-4,done,true,9135307,2026-06-20,4296c5d
mimic4-readmission-Transformer-LABEL-class-conditional,mimic4,readmission,binary,Transformer,patient 0.6/0.1/0.1/0.2,yes,LABEL,class-conditional,0.01,0.99,0.9909,0.0022,1.9368,0.0090 0.0093,0.0093,1,,,roc_auc_weighted_ovr,0-4,done,true,9135307,2026-06-20,4296c5d
mimic4-readmission-RNN-LABEL-marginal,mimic4,readmission,binary,RNN,patient 0.6/0.1/0.1/0.2,yes,LABEL,marginal,0.2,0.8,0.8008,0.0026,1.268,0.0722 0.4330,0.433,1,,,roc_auc_weighted_ovr,0-4,done,true,9135307,2026-06-20,4296c5d
mimic4-readmission-RNN-LABEL-marginal,mimic4,readmission,binary,RNN,patient 0.6/0.1/0.1/0.2,yes,LABEL,marginal,0.1,0.9,0.8981,0.0015,1.5381,0.0293 0.2355,0.2355,1,,,roc_auc_weighted_ovr,0-4,done,true,9135307,2026-06-20,4296c5d
mimic4-readmission-RNN-LABEL-marginal,mimic4,readmission,binary,RNN,patient 0.6/0.1/0.1/0.2,yes,LABEL,marginal,0.05,0.95,0.9496,0.0012,1.718,0.0132 0.1188,0.1188,1,,,roc_auc_weighted_ovr,0-4,done,true,9135307,2026-06-20,4296c5d
mimic4-readmission-RNN-LABEL-marginal,mimic4,readmission,binary,RNN,patient 0.6/0.1/0.1/0.2,yes,LABEL,marginal,0.01,0.99,0.9903,0.0009,1.9111,0.0025 0.0231,0.0231,1,,,roc_auc_weighted_ovr,0-4,done,true,9135307,2026-06-20,4296c5d
mimic4-readmission-RNN-LABEL-class-conditional,mimic4,readmission,binary,RNN,patient 0.6/0.1/0.1/0.2,yes,LABEL,class-conditional,0.2,0.8,0.7976,0.0033,1.3576,0.1999 0.2069,0.2069,1,,,roc_auc_weighted_ovr,0-4,done,true,9135307,2026-06-20,4296c5d
mimic4-readmission-RNN-LABEL-class-conditional,mimic4,readmission,binary,RNN,patient 0.6/0.1/0.1/0.2,yes,LABEL,class-conditional,0.1,0.9,0.8991,0.0034,1.6146,0.1001 0.1025,0.1025,1,,,roc_auc_weighted_ovr,0-4,done,true,9135307,2026-06-20,4296c5d
mimic4-readmission-RNN-LABEL-class-conditional,mimic4,readmission,binary,RNN,patient 0.6/0.1/0.1/0.2,yes,LABEL,class-conditional,0.05,0.95,0.9492,0.0026,1.7661,0.0513 0.0498,0.0513,0,,,roc_auc_weighted_ovr,0-4,done,true,9135307,2026-06-20,4296c5d
mimic4-readmission-RNN-LABEL-class-conditional,mimic4,readmission,binary,RNN,patient 0.6/0.1/0.1/0.2,yes,LABEL,class-conditional,0.01,0.99,0.9901,0.001,1.9247,0.0097 0.0103,0.0103,1,,,roc_auc_weighted_ovr,0-4,done,true,9135307,2026-06-20,4296c5d
mimic4-readmission-RETAIN-LABEL-marginal,mimic4,readmission,binary,RETAIN,patient 0.6/0.1/0.1/0.2,yes,LABEL,marginal,0.2,0.8,0.7981,0.0031,1.2597,0.0497 0.4821,0.4821,1,,,roc_auc_weighted_ovr,0-4,done,true,9135307,2026-06-20,4296c5d
mimic4-readmission-RETAIN-LABEL-marginal,mimic4,readmission,binary,RETAIN,patient 0.6/0.1/0.1/0.2,yes,LABEL,marginal,0.1,0.9,0.8992,0.003,1.5448,0.0178 0.2536,0.2536,1,,,roc_auc_weighted_ovr,0-4,done,true,9135307,2026-06-20,4296c5d
mimic4-readmission-RETAIN-LABEL-marginal,mimic4,readmission,binary,RETAIN,patient 0.6/0.1/0.1/0.2,yes,LABEL,marginal,0.05,0.95,0.9495,0.002,1.7234,0.0083 0.1282,0.1282,1,,,roc_auc_weighted_ovr,0-4,done,true,9135307,2026-06-20,4296c5d
mimic4-readmission-RETAIN-LABEL-marginal,mimic4,readmission,binary,RETAIN,patient 0.6/0.1/0.1/0.2,yes,LABEL,marginal,0.01,0.99,0.9892,0.0014,1.9098,0.0019 0.0274,0.0274,1,,,roc_auc_weighted_ovr,0-4,done,true,9135307,2026-06-20,4296c5d
mimic4-readmission-RETAIN-LABEL-class-conditional,mimic4,readmission,binary,RETAIN,patient 0.6/0.1/0.1/0.2,yes,LABEL,class-conditional,0.2,0.8,0.7983,0.0046,1.3687,0.2010 0.2030,0.203,1,,,roc_auc_weighted_ovr,0-4,done,true,9135307,2026-06-20,4296c5d
mimic4-readmission-RETAIN-LABEL-class-conditional,mimic4,readmission,binary,RETAIN,patient 0.6/0.1/0.1/0.2,yes,LABEL,class-conditional,0.1,0.9,0.8975,0.0046,1.6199,0.1030 0.1015,0.103,0,,,roc_auc_weighted_ovr,0-4,done,true,9135307,2026-06-20,4296c5d
mimic4-readmission-RETAIN-LABEL-class-conditional,mimic4,readmission,binary,RETAIN,patient 0.6/0.1/0.1/0.2,yes,LABEL,class-conditional,0.05,0.95,0.9492,0.0039,1.7716,0.0504 0.0517,0.0517,1,,,roc_auc_weighted_ovr,0-4,done,true,9135307,2026-06-20,4296c5d
mimic4-readmission-RETAIN-LABEL-class-conditional,mimic4,readmission,binary,RETAIN,patient 0.6/0.1/0.1/0.2,yes,LABEL,class-conditional,0.01,0.99,0.9895,0.0025,1.9262,0.0109 0.0098,0.0109,0,,,roc_auc_weighted_ovr,0-4,done,true,9135307,2026-06-20,4296c5d
eicu-los-Transformer-LABEL-marginal,eicu,los,multiclass,Transformer,patient 0.6/0.1/0.1/0.2,yes,LABEL,marginal,0.2,0.8,,,,,,,,,f1_macro,0-4,planned,,,,
eicu-los-Transformer-LABEL-marginal,eicu,los,multiclass,Transformer,patient 0.6/0.1/0.1/0.2,yes,LABEL,marginal,0.1,0.9,,,,,,,,,f1_macro,0-4,planned,,,,
eicu-los-Transformer-LABEL-marginal,eicu,los,multiclass,Transformer,patient 0.6/0.1/0.1/0.2,yes,LABEL,marginal,0.05,0.95,,,,,,,,,f1_macro,0-4,planned,,,,
eicu-los-Transformer-LABEL-marginal,eicu,los,multiclass,Transformer,patient 0.6/0.1/0.1/0.2,yes,LABEL,marginal,0.01,0.99,,,,,,,,,f1_macro,0-4,planned,,,,
eicu-los-Transformer-LABEL-class-conditional,eicu,los,multiclass,Transformer,patient 0.6/0.1/0.1/0.2,yes,LABEL,class-conditional,0.2,0.8,,,,,,,,,f1_macro,0-4,planned,,,,
eicu-los-Transformer-LABEL-class-conditional,eicu,los,multiclass,Transformer,patient 0.6/0.1/0.1/0.2,yes,LABEL,class-conditional,0.1,0.9,,,,,,,,,f1_macro,0-4,planned,,,,
eicu-los-Transformer-LABEL-class-conditional,eicu,los,multiclass,Transformer,patient 0.6/0.1/0.1/0.2,yes,LABEL,class-conditional,0.05,0.95,,,,,,,,,f1_macro,0-4,planned,,,,
eicu-los-Transformer-LABEL-class-conditional,eicu,los,multiclass,Transformer,patient 0.6/0.1/0.1/0.2,yes,LABEL,class-conditional,0.01,0.99,,,,,,,,,f1_macro,0-4,planned,,,,
eicu-los-RNN-LABEL-marginal,eicu,los,multiclass,RNN,patient 0.6/0.1/0.1/0.2,yes,LABEL,marginal,0.2,0.8,,,,,,,,,f1_macro,0-4,planned,,,,
eicu-los-RNN-LABEL-marginal,eicu,los,multiclass,RNN,patient 0.6/0.1/0.1/0.2,yes,LABEL,marginal,0.1,0.9,,,,,,,,,f1_macro,0-4,planned,,,,
eicu-los-RNN-LABEL-marginal,eicu,los,multiclass,RNN,patient 0.6/0.1/0.1/0.2,yes,LABEL,marginal,0.05,0.95,,,,,,,,,f1_macro,0-4,planned,,,,
eicu-los-RNN-LABEL-marginal,eicu,los,multiclass,RNN,patient 0.6/0.1/0.1/0.2,yes,LABEL,marginal,0.01,0.99,,,,,,,,,f1_macro,0-4,planned,,,,
eicu-los-RNN-LABEL-class-conditional,eicu,los,multiclass,RNN,patient 0.6/0.1/0.1/0.2,yes,LABEL,class-conditional,0.2,0.8,,,,,,,,,f1_macro,0-4,planned,,,,
eicu-los-RNN-LABEL-class-conditional,eicu,los,multiclass,RNN,patient 0.6/0.1/0.1/0.2,yes,LABEL,class-conditional,0.1,0.9,,,,,,,,,f1_macro,0-4,planned,,,,
eicu-los-RNN-LABEL-class-conditional,eicu,los,multiclass,RNN,patient 0.6/0.1/0.1/0.2,yes,LABEL,class-conditional,0.05,0.95,,,,,,,,,f1_macro,0-4,planned,,,,
eicu-los-RNN-LABEL-class-conditional,eicu,los,multiclass,RNN,patient 0.6/0.1/0.1/0.2,yes,LABEL,class-conditional,0.01,0.99,,,,,,,,,f1_macro,0-4,planned,,,,
eicu-los-RETAIN-LABEL-marginal,eicu,los,multiclass,RETAIN,patient 0.6/0.1/0.1/0.2,yes,LABEL,marginal,0.2,0.8,,,,,,,,,f1_macro,0-4,planned,,,,
eicu-los-RETAIN-LABEL-marginal,eicu,los,multiclass,RETAIN,patient 0.6/0.1/0.1/0.2,yes,LABEL,marginal,0.1,0.9,,,,,,,,,f1_macro,0-4,planned,,,,
eicu-los-RETAIN-LABEL-marginal,eicu,los,multiclass,RETAIN,patient 0.6/0.1/0.1/0.2,yes,LABEL,marginal,0.05,0.95,,,,,,,,,f1_macro,0-4,planned,,,,
eicu-los-RETAIN-LABEL-marginal,eicu,los,multiclass,RETAIN,patient 0.6/0.1/0.1/0.2,yes,LABEL,marginal,0.01,0.99,,,,,,,,,f1_macro,0-4,planned,,,,
eicu-los-RETAIN-LABEL-class-conditional,eicu,los,multiclass,RETAIN,patient 0.6/0.1/0.1/0.2,yes,LABEL,class-conditional,0.2,0.8,,,,,,,,,f1_macro,0-4,planned,,,,
eicu-los-RETAIN-LABEL-class-conditional,eicu,los,multiclass,RETAIN,patient 0.6/0.1/0.1/0.2,yes,LABEL,class-conditional,0.1,0.9,,,,,,,,,f1_macro,0-4,planned,,,,
eicu-los-RETAIN-LABEL-class-conditional,eicu,los,multiclass,RETAIN,patient 0.6/0.1/0.1/0.2,yes,LABEL,class-conditional,0.05,0.95,,,,,,,,,f1_macro,0-4,planned,,,,
eicu-los-RETAIN-LABEL-class-conditional,eicu,los,multiclass,RETAIN,patient 0.6/0.1/0.1/0.2,yes,LABEL,class-conditional,0.01,0.99,,,,,,,,,f1_macro,0-4,planned,,,,
eicu-mortality-Transformer-LABEL-marginal,eicu,mortality,binary,Transformer,patient 0.6/0.1/0.1/0.2,yes,LABEL,marginal,0.2,0.8,,,,,,,,,roc_auc_weighted_ovr,0-4,planned,,,,
eicu-mortality-Transformer-LABEL-marginal,eicu,mortality,binary,Transformer,patient 0.6/0.1/0.1/0.2,yes,LABEL,marginal,0.1,0.9,,,,,,,,,roc_auc_weighted_ovr,0-4,planned,,,,
eicu-mortality-Transformer-LABEL-marginal,eicu,mortality,binary,Transformer,patient 0.6/0.1/0.1/0.2,yes,LABEL,marginal,0.05,0.95,,,,,,,,,roc_auc_weighted_ovr,0-4,planned,,,,
eicu-mortality-Transformer-LABEL-marginal,eicu,mortality,binary,Transformer,patient 0.6/0.1/0.1/0.2,yes,LABEL,marginal,0.01,0.99,,,,,,,,,roc_auc_weighted_ovr,0-4,planned,,,,
eicu-mortality-Transformer-LABEL-class-conditional,eicu,mortality,binary,Transformer,patient 0.6/0.1/0.1/0.2,yes,LABEL,class-conditional,0.2,0.8,,,,,,,,,roc_auc_weighted_ovr,0-4,planned,,,,
eicu-mortality-Transformer-LABEL-class-conditional,eicu,mortality,binary,Transformer,patient 0.6/0.1/0.1/0.2,yes,LABEL,class-conditional,0.1,0.9,,,,,,,,,roc_auc_weighted_ovr,0-4,planned,,,,
eicu-mortality-Transformer-LABEL-class-conditional,eicu,mortality,binary,Transformer,patient 0.6/0.1/0.1/0.2,yes,LABEL,class-conditional,0.05,0.95,,,,,,,,,roc_auc_weighted_ovr,0-4,planned,,,,
eicu-mortality-Transformer-LABEL-class-conditional,eicu,mortality,binary,Transformer,patient 0.6/0.1/0.1/0.2,yes,LABEL,class-conditional,0.01,0.99,,,,,,,,,roc_auc_weighted_ovr,0-4,planned,,,,
eicu-mortality-RNN-LABEL-marginal,eicu,mortality,binary,RNN,patient 0.6/0.1/0.1/0.2,yes,LABEL,marginal,0.2,0.8,,,,,,,,,roc_auc_weighted_ovr,0-4,planned,,,,
eicu-mortality-RNN-LABEL-marginal,eicu,mortality,binary,RNN,patient 0.6/0.1/0.1/0.2,yes,LABEL,marginal,0.1,0.9,,,,,,,,,roc_auc_weighted_ovr,0-4,planned,,,,
eicu-mortality-RNN-LABEL-marginal,eicu,mortality,binary,RNN,patient 0.6/0.1/0.1/0.2,yes,LABEL,marginal,0.05,0.95,,,,,,,,,roc_auc_weighted_ovr,0-4,planned,,,,
eicu-mortality-RNN-LABEL-marginal,eicu,mortality,binary,RNN,patient 0.6/0.1/0.1/0.2,yes,LABEL,marginal,0.01,0.99,,,,,,,,,roc_auc_weighted_ovr,0-4,planned,,,,
eicu-mortality-RNN-LABEL-class-conditional,eicu,mortality,binary,RNN,patient 0.6/0.1/0.1/0.2,yes,LABEL,class-conditional,0.2,0.8,,,,,,,,,roc_auc_weighted_ovr,0-4,planned,,,,
eicu-mortality-RNN-LABEL-class-conditional,eicu,mortality,binary,RNN,patient 0.6/0.1/0.1/0.2,yes,LABEL,class-conditional,0.1,0.9,,,,,,,,,roc_auc_weighted_ovr,0-4,planned,,,,
eicu-mortality-RNN-LABEL-class-conditional,eicu,mortality,binary,RNN,patient 0.6/0.1/0.1/0.2,yes,LABEL,class-conditional,0.05,0.95,,,,,,,,,roc_auc_weighted_ovr,0-4,planned,,,,
eicu-mortality-RNN-LABEL-class-conditional,eicu,mortality,binary,RNN,patient 0.6/0.1/0.1/0.2,yes,LABEL,class-conditional,0.01,0.99,,,,,,,,,roc_auc_weighted_ovr,0-4,planned,,,,
eicu-mortality-RETAIN-LABEL-marginal,eicu,mortality,binary,RETAIN,patient 0.6/0.1/0.1/0.2,yes,LABEL,marginal,0.2,0.8,,,,,,,,,roc_auc_weighted_ovr,0-4,planned,,,,
eicu-mortality-RETAIN-LABEL-marginal,eicu,mortality,binary,RETAIN,patient 0.6/0.1/0.1/0.2,yes,LABEL,marginal,0.1,0.9,,,,,,,,,roc_auc_weighted_ovr,0-4,planned,,,,
eicu-mortality-RETAIN-LABEL-marginal,eicu,mortality,binary,RETAIN,patient 0.6/0.1/0.1/0.2,yes,LABEL,marginal,0.05,0.95,,,,,,,,,roc_auc_weighted_ovr,0-4,planned,,,,
eicu-mortality-RETAIN-LABEL-marginal,eicu,mortality,binary,RETAIN,patient 0.6/0.1/0.1/0.2,yes,LABEL,marginal,0.01,0.99,,,,,,,,,roc_auc_weighted_ovr,0-4,planned,,,,
eicu-mortality-RETAIN-LABEL-class-conditional,eicu,mortality,binary,RETAIN,patient 0.6/0.1/0.1/0.2,yes,LABEL,class-conditional,0.2,0.8,,,,,,,,,roc_auc_weighted_ovr,0-4,planned,,,,
eicu-mortality-RETAIN-LABEL-class-conditional,eicu,mortality,binary,RETAIN,patient 0.6/0.1/0.1/0.2,yes,LABEL,class-conditional,0.1,0.9,,,,,,,,,roc_auc_weighted_ovr,0-4,planned,,,,
eicu-mortality-RETAIN-LABEL-class-conditional,eicu,mortality,binary,RETAIN,patient 0.6/0.1/0.1/0.2,yes,LABEL,class-conditional,0.05,0.95,,,,,,,,,roc_auc_weighted_ovr,0-4,planned,,,,
eicu-mortality-RETAIN-LABEL-class-conditional,eicu,mortality,binary,RETAIN,patient 0.6/0.1/0.1/0.2,yes,LABEL,class-conditional,0.01,0.99,,,,,,,,,roc_auc_weighted_ovr,0-4,planned,,,,
eicu-readmission-Transformer-LABEL-marginal,eicu,readmission,binary,Transformer,patient 0.6/0.1/0.1/0.2,yes,LABEL,marginal,0.2,0.8,,,,,,,,,roc_auc_weighted_ovr,0-4,planned,,,,
eicu-readmission-Transformer-LABEL-marginal,eicu,readmission,binary,Transformer,patient 0.6/0.1/0.1/0.2,yes,LABEL,marginal,0.1,0.9,,,,,,,,,roc_auc_weighted_ovr,0-4,planned,,,,
eicu-readmission-Transformer-LABEL-marginal,eicu,readmission,binary,Transformer,patient 0.6/0.1/0.1/0.2,yes,LABEL,marginal,0.05,0.95,,,,,,,,,roc_auc_weighted_ovr,0-4,planned,,,,
eicu-readmission-Transformer-LABEL-marginal,eicu,readmission,binary,Transformer,patient 0.6/0.1/0.1/0.2,yes,LABEL,marginal,0.01,0.99,,,,,,,,,roc_auc_weighted_ovr,0-4,planned,,,,
eicu-readmission-Transformer-LABEL-class-conditional,eicu,readmission,binary,Transformer,patient 0.6/0.1/0.1/0.2,yes,LABEL,class-conditional,0.2,0.8,,,,,,,,,roc_auc_weighted_ovr,0-4,planned,,,,
eicu-readmission-Transformer-LABEL-class-conditional,eicu,readmission,binary,Transformer,patient 0.6/0.1/0.1/0.2,yes,LABEL,class-conditional,0.1,0.9,,,,,,,,,roc_auc_weighted_ovr,0-4,planned,,,,
eicu-readmission-Transformer-LABEL-class-conditional,eicu,readmission,binary,Transformer,patient 0.6/0.1/0.1/0.2,yes,LABEL,class-conditional,0.05,0.95,,,,,,,,,roc_auc_weighted_ovr,0-4,planned,,,,
eicu-readmission-Transformer-LABEL-class-conditional,eicu,readmission,binary,Transformer,patient 0.6/0.1/0.1/0.2,yes,LABEL,class-conditional,0.01,0.99,,,,,,,,,roc_auc_weighted_ovr,0-4,planned,,,,
eicu-readmission-RNN-LABEL-marginal,eicu,readmission,binary,RNN,patient 0.6/0.1/0.1/0.2,yes,LABEL,marginal,0.2,0.8,,,,,,,,,roc_auc_weighted_ovr,0-4,planned,,,,
eicu-readmission-RNN-LABEL-marginal,eicu,readmission,binary,RNN,patient 0.6/0.1/0.1/0.2,yes,LABEL,marginal,0.1,0.9,,,,,,,,,roc_auc_weighted_ovr,0-4,planned,,,,
eicu-readmission-RNN-LABEL-marginal,eicu,readmission,binary,RNN,patient 0.6/0.1/0.1/0.2,yes,LABEL,marginal,0.05,0.95,,,,,,,,,roc_auc_weighted_ovr,0-4,planned,,,,
eicu-readmission-RNN-LABEL-marginal,eicu,readmission,binary,RNN,patient 0.6/0.1/0.1/0.2,yes,LABEL,marginal,0.01,0.99,,,,,,,,,roc_auc_weighted_ovr,0-4,planned,,,,
eicu-readmission-RNN-LABEL-class-conditional,eicu,readmission,binary,RNN,patient 0.6/0.1/0.1/0.2,yes,LABEL,class-conditional,0.2,0.8,,,,,,,,,roc_auc_weighted_ovr,0-4,planned,,,,
eicu-readmission-RNN-LABEL-class-conditional,eicu,readmission,binary,RNN,patient 0.6/0.1/0.1/0.2,yes,LABEL,class-conditional,0.1,0.9,,,,,,,,,roc_auc_weighted_ovr,0-4,planned,,,,
eicu-readmission-RNN-LABEL-class-conditional,eicu,readmission,binary,RNN,patient 0.6/0.1/0.1/0.2,yes,LABEL,class-conditional,0.05,0.95,,,,,,,,,roc_auc_weighted_ovr,0-4,planned,,,,
eicu-readmission-RNN-LABEL-class-conditional,eicu,readmission,binary,RNN,patient 0.6/0.1/0.1/0.2,yes,LABEL,class-conditional,0.01,0.99,,,,,,,,,roc_auc_weighted_ovr,0-4,planned,,,,
eicu-readmission-RETAIN-LABEL-marginal,eicu,readmission,binary,RETAIN,patient 0.6/0.1/0.1/0.2,yes,LABEL,marginal,0.2,0.8,,,,,,,,,roc_auc_weighted_ovr,0-4,planned,,,,
eicu-readmission-RETAIN-LABEL-marginal,eicu,readmission,binary,RETAIN,patient 0.6/0.1/0.1/0.2,yes,LABEL,marginal,0.1,0.9,,,,,,,,,roc_auc_weighted_ovr,0-4,planned,,,,
eicu-readmission-RETAIN-LABEL-marginal,eicu,readmission,binary,RETAIN,patient 0.6/0.1/0.1/0.2,yes,LABEL,marginal,0.05,0.95,,,,,,,,,roc_auc_weighted_ovr,0-4,planned,,,,
eicu-readmission-RETAIN-LABEL-marginal,eicu,readmission,binary,RETAIN,patient 0.6/0.1/0.1/0.2,yes,LABEL,marginal,0.01,0.99,,,,,,,,,roc_auc_weighted_ovr,0-4,planned,,,,
eicu-readmission-RETAIN-LABEL-class-conditional,eicu,readmission,binary,RETAIN,patient 0.6/0.1/0.1/0.2,yes,LABEL,class-conditional,0.2,0.8,,,,,,,,,roc_auc_weighted_ovr,0-4,planned,,,,
eicu-readmission-RETAIN-LABEL-class-conditional,eicu,readmission,binary,RETAIN,patient 0.6/0.1/0.1/0.2,yes,LABEL,class-conditional,0.1,0.9,,,,,,,,,roc_auc_weighted_ovr,0-4,planned,,,,
eicu-readmission-RETAIN-LABEL-class-conditional,eicu,readmission,binary,RETAIN,patient 0.6/0.1/0.1/0.2,yes,LABEL,class-conditional,0.05,0.95,,,,,,,,,roc_auc_weighted_ovr,0-4,planned,,,,
eicu-readmission-RETAIN-LABEL-class-conditional,eicu,readmission,binary,RETAIN,patient 0.6/0.1/0.1/0.2,yes,LABEL,class-conditional,0.01,0.99,,,,,,,,,roc_auc_weighted_ovr,0-4,planned,,,,
mimic3-los-Transformer-APS-marginal,mimic3,los,multiclass,Transformer,patient 0.6/0.1/0.1/0.2,yes,APS,marginal,0.2,0.8,0.8,0.0072,4.3179,0.3231 0.2831 0.2426 0.2044 0.1867 0.1553 0.1922 0.1961 0.1636 0.2245,0.3231,0,0.767,0.275,f1_macro,0-4,done,true,9161799,2026-06-22,0739be1
mimic3-los-Transformer-APS-marginal,mimic3,los,multiclass,Transformer,patient 0.6/0.1/0.1/0.2,yes,APS,marginal,0.1,0.9,0.8996,0.0028,5.4447,0.1973 0.1870 0.1447 0.1160 0.0927 0.0730 0.0803 0.0772 0.0853 0.0982,0.1973,0,0.767,0.275,f1_macro,0-4,done,true,9161799,2026-06-22,0739be1
mimic3-los-Transformer-APS-marginal,mimic3,los,multiclass,Transformer,patient 0.6/0.1/0.1/0.2,yes,APS,marginal,0.05,0.95,0.9503,0.0019,6.404,0.1467 0.1134 0.0760 0.0582 0.0454 0.0320 0.0345 0.0318 0.0418 0.0427,0.1467,0,0.767,0.275,f1_macro,0-4,done,true,9161799,2026-06-22,0739be1
mimic3-los-Transformer-APS-marginal,mimic3,los,multiclass,Transformer,patient 0.6/0.1/0.1/0.2,yes,APS,marginal,0.01,0.99,0.9898,0.0017,8.2229,0.0859 0.0335 0.0141 0.0061 0.0042 0.0029 0.0024 0.0023 0.0040 0.0141,0.0859,0,0.767,0.275,f1_macro,0-4,done,true,9161799,2026-06-22,0739be1
mimic3-los-Transformer-RAPS-marginal,mimic3,los,multiclass,Transformer,patient 0.6/0.1/0.1/0.2,yes,RAPS,marginal,0.2,0.8,0.7991,0.0075,4.2547,0.3237 0.3088 0.2746 0.2261 0.1914 0.1475 0.1944 0.1972 0.1620 0.2080,0.3237,0,0.767,0.275,f1_macro,0-4,done,true,9161799,2026-06-22,0739be1
mimic3-los-Transformer-RAPS-marginal,mimic3,los,multiclass,Transformer,patient 0.6/0.1/0.1/0.2,yes,RAPS,marginal,0.1,0.9,0.8989,0.0022,5.3053,0.2238 0.2502 0.2193 0.1646 0.1223 0.0457 0.0679 0.0831 0.0590 0.0776,0.2502,1,0.767,0.275,f1_macro,0-4,done,true,9161799,2026-06-22,0739be1
mimic3-los-Transformer-RAPS-marginal,mimic3,los,multiclass,Transformer,patient 0.6/0.1/0.1/0.2,yes,RAPS,marginal,0.05,0.95,0.9497,0.001,6.571,0.1823 0.2156 0.1358 0.0621 0.0161 0.0027 0.0141 0.0427 0.0327 0.0392,0.2156,1,0.767,0.275,f1_macro,0-4,done,true,9161799,2026-06-22,0739be1
mimic3-los-Transformer-RAPS-marginal,mimic3,los,multiclass,Transformer,patient 0.6/0.1/0.1/0.2,yes,RAPS,marginal,0.01,0.99,0.9894,0.0016,8.5269,0.0943 0.0486 0.0094 0.0009 0.0007 0.0000 0.0009 0.0020 0.0068 0.0145,0.0943,0,0.767,0.275,f1_macro,0-4,done,true,9161799,2026-06-22,0739be1
mimic3-los-RNN-APS-marginal,mimic3,los,multiclass,RNN,patient 0.6/0.1/0.1/0.2,yes,APS,marginal,0.2,0.8,0.7963,0.0079,3.4388,0.2310 0.1852 0.1421 0.1430 0.1161 0.1113 0.1295 0.1886 0.1170 0.4554,0.4554,9,0.8592,0.3707,f1_macro,0-4,done,true,9161799,2026-06-22,0739be1
mimic3-los-RNN-APS-marginal,mimic3,los,multiclass,RNN,patient 0.6/0.1/0.1/0.2,yes,APS,marginal,0.1,0.9,0.8983,0.0054,4.317,0.0983 0.0896 0.0867 0.0712 0.0509 0.0379 0.0421 0.0693 0.0676 0.2406,0.2406,9,0.8592,0.3707,f1_macro,0-4,done,true,9161799,2026-06-22,0739be1
mimic3-los-RNN-APS-marginal,mimic3,los,multiclass,RNN,patient 0.6/0.1/0.1/0.2,yes,APS,marginal,0.05,0.95,0.9503,0.004,4.9997,0.0534 0.0603 0.0451 0.0384 0.0207 0.0187 0.0153 0.0242 0.0342 0.1171,0.1171,9,0.8592,0.3707,f1_macro,0-4,done,true,9161799,2026-06-22,0739be1
mimic3-los-RNN-APS-marginal,mimic3,los,multiclass,RNN,patient 0.6/0.1/0.1/0.2,yes,APS,marginal,0.01,0.99,0.9907,0.0018,6.0216,0.0248 0.0211 0.0088 0.0119 0.0042 0.0021 0.0022 0.0026 0.0066 0.0173,0.0248,0,0.8592,0.3707,f1_macro,0-4,done,true,9161799,2026-06-22,0739be1
mimic3-los-RNN-RAPS-marginal,mimic3,los,multiclass,RNN,patient 0.6/0.1/0.1/0.2,yes,RAPS,marginal,0.2,0.8,0.7956,0.0087,3.4036,0.2272 0.1903 0.1528 0.1537 0.1201 0.1089 0.1350 0.1899 0.1185 0.4458,0.4458,9,0.8592,0.3707,f1_macro,0-4,done,true,9161799,2026-06-22,0739be1
mimic3-los-RNN-RAPS-marginal,mimic3,los,multiclass,RNN,patient 0.6/0.1/0.1/0.2,yes,RAPS,marginal,0.1,0.9,0.8996,0.0045,4.1737,0.1023 0.1182 0.1117 0.1074 0.0574 0.0398 0.0525 0.0862 0.0641 0.1990,0.199,9,0.8592,0.3707,f1_macro,0-4,done,true,9161799,2026-06-22,0739be1
mimic3-los-RNN-RAPS-marginal,mimic3,los,multiclass,RNN,patient 0.6/0.1/0.1/0.2,yes,RAPS,marginal,0.05,0.95,0.9497,0.0045,4.6633,0.0809 0.1042 0.1013 0.0953 0.0408 0.0208 0.0299 0.0583 0.0269 0.0528,0.1042,1,0.8592,0.3707,f1_macro,0-4,done,true,9161799,2026-06-22,0739be1
mimic3-los-RNN-RAPS-marginal,mimic3,los,multiclass,RNN,patient 0.6/0.1/0.1/0.2,yes,RAPS,marginal,0.01,0.99,0.9884,0.0027,6.8106,0.0519 0.0708 0.0262 0.0119 0.0007 0.0005 0.0046 0.0140 0.0063 0.0071,0.0708,1,0.8592,0.3707,f1_macro,0-4,done,true,9161799,2026-06-22,0739be1
mimic3-los-RETAIN-APS-marginal,mimic3,los,multiclass,RETAIN,patient 0.6/0.1/0.1/0.2,yes,APS,marginal,0.2,0.8,0.7983,0.0046,3.535,0.1123 0.1346 0.0928 0.1236 0.1145 0.1026 0.1053 0.2794 0.1119 0.4827,0.4827,9,0.8502,0.3481,f1_macro,0-4,done,true,9161799,2026-06-22,0739be1
mimic3-los-RETAIN-APS-marginal,mimic3,los,multiclass,RETAIN,patient 0.6/0.1/0.1/0.2,yes,APS,marginal,0.1,0.9,0.9003,0.0044,4.4463,0.0548 0.0752 0.0587 0.0623 0.0375 0.0275 0.0317 0.1067 0.0666 0.2540,0.254,9,0.8502,0.3481,f1_macro,0-4,done,true,9161799,2026-06-22,0739be1
mimic3-los-RETAIN-APS-marginal,mimic3,los,multiclass,RETAIN,patient 0.6/0.1/0.1/0.2,yes,APS,marginal,0.05,0.95,0.9493,0.005,5.1251,0.0371 0.0463 0.0384 0.0304 0.0136 0.0115 0.0107 0.0390 0.0353 0.1326,0.1326,9,0.8502,0.3481,f1_macro,0-4,done,true,9161799,2026-06-22,0739be1
mimic3-los-RETAIN-APS-marginal,mimic3,los,multiclass,RETAIN,patient 0.6/0.1/0.1/0.2,yes,APS,marginal,0.01,0.99,0.9902,0.0008,6.2823,0.0201 0.0231 0.0099 0.0061 0.0030 0.0014 0.0003 0.0041 0.0069 0.0222,0.0231,1,0.8502,0.3481,f1_macro,0-4,done,true,9161799,2026-06-22,0739be1
mimic3-los-RETAIN-RAPS-marginal,mimic3,los,multiclass,RETAIN,patient 0.6/0.1/0.1/0.2,yes,RAPS,marginal,0.2,0.8,0.7972,0.0057,3.5083,0.1155 0.1351 0.0942 0.1267 0.1151 0.1025 0.1119 0.2870 0.1138 0.4784,0.4784,9,0.8502,0.3481,f1_macro,0-4,done,true,9161799,2026-06-22,0739be1
mimic3-los-RETAIN-RAPS-marginal,mimic3,los,multiclass,RETAIN,patient 0.6/0.1/0.1/0.2,yes,RAPS,marginal,0.1,0.9,0.9029,0.0061,4.3612,0.0679 0.0725 0.0665 0.0700 0.0348 0.0307 0.0399 0.1272 0.0641 0.2285,0.2285,9,0.8502,0.3481,f1_macro,0-4,done,true,9161799,2026-06-22,0739be1
mimic3-los-RETAIN-RAPS-marginal,mimic3,los,multiclass,RETAIN,patient 0.6/0.1/0.1/0.2,yes,RAPS,marginal,0.05,0.95,0.9503,0.0042,4.9119,0.0548 0.0589 0.0590 0.0463 0.0153 0.0133 0.0228 0.0744 0.0357 0.0928,0.0928,9,0.8502,0.3481,f1_macro,0-4,done,true,9161799,2026-06-22,0739be1
mimic3-los-RETAIN-RAPS-marginal,mimic3,los,multiclass,RETAIN,patient 0.6/0.1/0.1/0.2,yes,RAPS,marginal,0.01,0.99,0.9887,0.0021,6.8791,0.0356 0.0463 0.0166 0.0037 0.0005 0.0008 0.0027 0.0156 0.0099 0.0142,0.0463,1,0.8502,0.3481,f1_macro,0-4,done,true,9161799,2026-06-22,0739be1
mimic3-mortality-Transformer-APS-marginal,mimic3,mortality,binary,Transformer,patient 0.6/0.1/0.1/0.2,yes,APS,marginal,0.2,0.8,0.8138,0.0511,1.0174,0.0872 0.8858,0.8858,1,0.562,0.4847,roc_auc_weighted_ovr,0-4,done,true,9161799,2026-06-22,0739be1
mimic3-mortality-Transformer-APS-marginal,mimic3,mortality,binary,Transformer,patient 0.6/0.1/0.1/0.2,yes,APS,marginal,0.1,0.9,0.895,0.0166,1.2105,0.0116 0.7632,0.7632,1,0.562,0.4847,roc_auc_weighted_ovr,0-4,done,true,9161799,2026-06-22,0739be1
mimic3-mortality-Transformer-APS-marginal,mimic3,mortality,binary,Transformer,patient 0.6/0.1/0.1/0.2,yes,APS,marginal,0.05,0.95,0.9523,0.0049,1.6465,0.0065 0.3401,0.3401,1,0.562,0.4847,roc_auc_weighted_ovr,0-4,done,true,9161799,2026-06-22,0739be1
mimic3-mortality-Transformer-APS-marginal,mimic3,mortality,binary,Transformer,patient 0.6/0.1/0.1/0.2,yes,APS,marginal,0.01,0.99,0.991,0.0033,1.9393,0.0018 0.0602,0.0602,1,0.562,0.4847,roc_auc_weighted_ovr,0-4,done,true,9161799,2026-06-22,0739be1
mimic3-mortality-Transformer-RAPS-marginal,mimic3,mortality,binary,Transformer,patient 0.6/0.1/0.1/0.2,yes,RAPS,marginal,0.2,0.8,0.8138,0.0511,1.0174,0.0872 0.8858,0.8858,1,0.562,0.4847,roc_auc_weighted_ovr,0-4,done,true,9161799,2026-06-22,0739be1
mimic3-mortality-Transformer-RAPS-marginal,mimic3,mortality,binary,Transformer,patient 0.6/0.1/0.1/0.2,yes,RAPS,marginal,0.1,0.9,0.895,0.0166,1.2105,0.0116 0.7632,0.7632,1,0.562,0.4847,roc_auc_weighted_ovr,0-4,done,true,9161799,2026-06-22,0739be1
mimic3-mortality-Transformer-RAPS-marginal,mimic3,mortality,binary,Transformer,patient 0.6/0.1/0.1/0.2,yes,RAPS,marginal,0.05,0.95,0.9523,0.0049,1.6465,0.0065 0.3401,0.3401,1,0.562,0.4847,roc_auc_weighted_ovr,0-4,done,true,9161799,2026-06-22,0739be1
mimic3-mortality-Transformer-RAPS-marginal,mimic3,mortality,binary,Transformer,patient 0.6/0.1/0.1/0.2,yes,RAPS,marginal,0.01,0.99,0.991,0.0033,1.9393,0.0018 0.0602,0.0602,1,0.562,0.4847,roc_auc_weighted_ovr,0-4,done,true,9161799,2026-06-22,0739be1
mimic3-mortality-RNN-APS-marginal,mimic3,mortality,binary,RNN,patient 0.6/0.1/0.1/0.2,yes,APS,marginal,0.2,0.8,0.7795,0.0252,0.9101,0.1149 0.9710,0.971,1,0.586,0.4842,roc_auc_weighted_ovr,0-4,done,true,9161799,2026-06-22,0739be1
mimic3-mortality-RNN-APS-marginal,mimic3,mortality,binary,RNN,patient 0.6/0.1/0.1/0.2,yes,APS,marginal,0.1,0.9,0.893,0.0119,1.2342,0.0154 0.7570,0.757,1,0.586,0.4842,roc_auc_weighted_ovr,0-4,done,true,9161799,2026-06-22,0739be1
mimic3-mortality-RNN-APS-marginal,mimic3,mortality,binary,RNN,patient 0.6/0.1/0.1/0.2,yes,APS,marginal,0.05,0.95,0.9479,0.0037,1.6148,0.0057 0.3819,0.3819,1,0.586,0.4842,roc_auc_weighted_ovr,0-4,done,true,9161799,2026-06-22,0739be1
mimic3-mortality-RNN-APS-marginal,mimic3,mortality,binary,RNN,patient 0.6/0.1/0.1/0.2,yes,APS,marginal,0.01,0.99,0.9908,0.0053,1.9273,0.0006 0.0688,0.0688,1,0.586,0.4842,roc_auc_weighted_ovr,0-4,done,true,9161799,2026-06-22,0739be1
mimic3-mortality-RNN-RAPS-marginal,mimic3,mortality,binary,RNN,patient 0.6/0.1/0.1/0.2,yes,RAPS,marginal,0.2,0.8,0.7795,0.0252,0.9101,0.1149 0.9710,0.971,1,0.586,0.4842,roc_auc_weighted_ovr,0-4,done,true,9161799,2026-06-22,0739be1
mimic3-mortality-RNN-RAPS-marginal,mimic3,mortality,binary,RNN,patient 0.6/0.1/0.1/0.2,yes,RAPS,marginal,0.1,0.9,0.893,0.0119,1.2342,0.0154 0.7570,0.757,1,0.586,0.4842,roc_auc_weighted_ovr,0-4,done,true,9161799,2026-06-22,0739be1
mimic3-mortality-RNN-RAPS-marginal,mimic3,mortality,binary,RNN,patient 0.6/0.1/0.1/0.2,yes,RAPS,marginal,0.05,0.95,0.9479,0.0037,1.6148,0.0057 0.3819,0.3819,1,0.586,0.4842,roc_auc_weighted_ovr,0-4,done,true,9161799,2026-06-22,0739be1
mimic3-mortality-RNN-RAPS-marginal,mimic3,mortality,binary,RNN,patient 0.6/0.1/0.1/0.2,yes,RAPS,marginal,0.01,0.99,0.9908,0.0053,1.9273,0.0006 0.0688,0.0688,1,0.586,0.4842,roc_auc_weighted_ovr,0-4,done,true,9161799,2026-06-22,0739be1
mimic3-mortality-RETAIN-APS-marginal,mimic3,mortality,binary,RETAIN,patient 0.6/0.1/0.1/0.2,yes,APS,marginal,0.2,0.8,0.7786,0.0139,0.8973,0.1142 0.9844,0.9844,1,0.5706,0.4801,roc_auc_weighted_ovr,0-4,done,true,9161799,2026-06-22,0739be1
mimic3-mortality-RETAIN-APS-marginal,mimic3,mortality,binary,RETAIN,patient 0.6/0.1/0.1/0.2,yes,APS,marginal,0.1,0.9,0.8923,0.0124,1.1555,0.0062 0.8300,0.83,1,0.5706,0.4801,roc_auc_weighted_ovr,0-4,done,true,9161799,2026-06-22,0739be1
mimic3-mortality-RETAIN-APS-marginal,mimic3,mortality,binary,RETAIN,patient 0.6/0.1/0.1/0.2,yes,APS,marginal,0.05,0.95,0.9483,0.007,1.5997,0.0030 0.3973,0.3973,1,0.5706,0.4801,roc_auc_weighted_ovr,0-4,done,true,9161799,2026-06-22,0739be1
mimic3-mortality-RETAIN-APS-marginal,mimic3,mortality,binary,RETAIN,patient 0.6/0.1/0.1/0.2,yes,APS,marginal,0.01,0.99,0.9912,0.004,1.9333,0.0007 0.0658,0.0658,1,0.5706,0.4801,roc_auc_weighted_ovr,0-4,done,true,9161799,2026-06-22,0739be1
mimic3-mortality-RETAIN-RAPS-marginal,mimic3,mortality,binary,RETAIN,patient 0.6/0.1/0.1/0.2,yes,RAPS,marginal,0.2,0.8,0.7786,0.0139,0.8973,0.1142 0.9844,0.9844,1,0.5706,0.4801,roc_auc_weighted_ovr,0-4,done,true,9161799,2026-06-22,0739be1
mimic3-mortality-RETAIN-RAPS-marginal,mimic3,mortality,binary,RETAIN,patient 0.6/0.1/0.1/0.2,yes,RAPS,marginal,0.1,0.9,0.8923,0.0124,1.1555,0.0062 0.8300,0.83,1,0.5706,0.4801,roc_auc_weighted_ovr,0-4,done,true,9161799,2026-06-22,0739be1
mimic3-mortality-RETAIN-RAPS-marginal,mimic3,mortality,binary,RETAIN,patient 0.6/0.1/0.1/0.2,yes,RAPS,marginal,0.05,0.95,0.9483,0.007,1.5997,0.0030 0.3973,0.3973,1,0.5706,0.4801,roc_auc_weighted_ovr,0-4,done,true,9161799,2026-06-22,0739be1
mimic3-mortality-RETAIN-RAPS-marginal,mimic3,mortality,binary,RETAIN,patient 0.6/0.1/0.1/0.2,yes,RAPS,marginal,0.01,0.99,0.9912,0.004,1.9333,0.0007 0.0658,0.0658,1,0.5706,0.4801,roc_auc_weighted_ovr,0-4,done,true,9161799,2026-06-22,0739be1
mimic3-readmission-Transformer-APS-marginal,mimic3,readmission,binary,Transformer,patient 0.6/0.1/0.1/0.2,yes,APS,marginal,0.2,0.8,0.8219,0.027,1.4519,0.0830 0.4351,0.4351,1,0.5593,0.5236,roc_auc_weighted_ovr,0-4,done,true,9161799,2026-06-22,0739be1
mimic3-readmission-Transformer-APS-marginal,mimic3,readmission,binary,Transformer,patient 0.6/0.1/0.1/0.2,yes,APS,marginal,0.1,0.9,0.9168,0.0341,1.7556,0.0412 0.1968,0.1968,1,0.5593,0.5236,roc_auc_weighted_ovr,0-4,done,true,9161799,2026-06-22,0739be1
mimic3-readmission-Transformer-APS-marginal,mimic3,readmission,binary,Transformer,patient 0.6/0.1/0.1/0.2,yes,APS,marginal,0.05,0.95,0.957,0.0104,1.8675,0.0178 0.1116,0.1116,1,0.5593,0.5236,roc_auc_weighted_ovr,0-4,done,true,9161799,2026-06-22,0739be1
mimic3-readmission-Transformer-APS-marginal,mimic3,readmission,binary,Transformer,patient 0.6/0.1/0.1/0.2,yes,APS,marginal,0.01,0.99,0.994,0.0034,1.9786,0.0012 0.0192,0.0192,1,0.5593,0.5236,roc_auc_weighted_ovr,0-4,done,true,9161799,2026-06-22,0739be1
mimic3-readmission-Transformer-RAPS-marginal,mimic3,readmission,binary,Transformer,patient 0.6/0.1/0.1/0.2,yes,RAPS,marginal,0.2,0.8,0.8219,0.027,1.4519,0.0830 0.4351,0.4351,1,0.5593,0.5236,roc_auc_weighted_ovr,0-4,done,true,9161799,2026-06-22,0739be1
mimic3-readmission-Transformer-RAPS-marginal,mimic3,readmission,binary,Transformer,patient 0.6/0.1/0.1/0.2,yes,RAPS,marginal,0.1,0.9,0.9168,0.0341,1.7556,0.0412 0.1968,0.1968,1,0.5593,0.5236,roc_auc_weighted_ovr,0-4,done,true,9161799,2026-06-22,0739be1
mimic3-readmission-Transformer-RAPS-marginal,mimic3,readmission,binary,Transformer,patient 0.6/0.1/0.1/0.2,yes,RAPS,marginal,0.05,0.95,0.957,0.0104,1.8675,0.0178 0.1116,0.1116,1,0.5593,0.5236,roc_auc_weighted_ovr,0-4,done,true,9161799,2026-06-22,0739be1
mimic3-readmission-Transformer-RAPS-marginal,mimic3,readmission,binary,Transformer,patient 0.6/0.1/0.1/0.2,yes,RAPS,marginal,0.01,0.99,0.994,0.0034,1.9786,0.0012 0.0192,0.0192,1,0.5593,0.5236,roc_auc_weighted_ovr,0-4,done,true,9161799,2026-06-22,0739be1
mimic3-readmission-RNN-APS-marginal,mimic3,readmission,binary,RNN,patient 0.6/0.1/0.1/0.2,yes,APS,marginal,0.2,0.8,0.8289,0.0333,1.3963,0.0382 0.5253,0.5253,1,0.5954,0.5032,roc_auc_weighted_ovr,0-4,done,true,9161799,2026-06-22,0739be1
mimic3-readmission-RNN-APS-marginal,mimic3,readmission,binary,RNN,patient 0.6/0.1/0.1/0.2,yes,APS,marginal,0.1,0.9,0.9158,0.0295,1.6931,0.0170 0.2621,0.2621,1,0.5954,0.5032,roc_auc_weighted_ovr,0-4,done,true,9161799,2026-06-22,0739be1
mimic3-readmission-RNN-APS-marginal,mimic3,readmission,binary,RNN,patient 0.6/0.1/0.1/0.2,yes,APS,marginal,0.05,0.95,0.967,0.0041,1.8645,0.0057 0.1055,0.1055,1,0.5954,0.5032,roc_auc_weighted_ovr,0-4,done,true,9161799,2026-06-22,0739be1
mimic3-readmission-RNN-APS-marginal,mimic3,readmission,binary,RNN,patient 0.6/0.1/0.1/0.2,yes,APS,marginal,0.01,0.99,0.9972,0.0017,1.9864,0.0001 0.0100,0.01,1,0.5954,0.5032,roc_auc_weighted_ovr,0-4,done,true,9161799,2026-06-22,0739be1
mimic3-readmission-RNN-RAPS-marginal,mimic3,readmission,binary,RNN,patient 0.6/0.1/0.1/0.2,yes,RAPS,marginal,0.2,0.8,0.8289,0.0333,1.3963,0.0382 0.5253,0.5253,1,0.5954,0.5032,roc_auc_weighted_ovr,0-4,done,true,9161799,2026-06-22,0739be1
mimic3-readmission-RNN-RAPS-marginal,mimic3,readmission,binary,RNN,patient 0.6/0.1/0.1/0.2,yes,RAPS,marginal,0.1,0.9,0.9158,0.0295,1.6931,0.0170 0.2621,0.2621,1,0.5954,0.5032,roc_auc_weighted_ovr,0-4,done,true,9161799,2026-06-22,0739be1
mimic3-readmission-RNN-RAPS-marginal,mimic3,readmission,binary,RNN,patient 0.6/0.1/0.1/0.2,yes,RAPS,marginal,0.05,0.95,0.967,0.0041,1.8645,0.0057 0.1055,0.1055,1,0.5954,0.5032,roc_auc_weighted_ovr,0-4,done,true,9161799,2026-06-22,0739be1
mimic3-readmission-RNN-RAPS-marginal,mimic3,readmission,binary,RNN,patient 0.6/0.1/0.1/0.2,yes,RAPS,marginal,0.01,0.99,0.9972,0.0017,1.9864,0.0001 0.0100,0.01,1,0.5954,0.5032,roc_auc_weighted_ovr,0-4,done,true,9161799,2026-06-22,0739be1
mimic3-readmission-RETAIN-APS-marginal,mimic3,readmission,binary,RETAIN,patient 0.6/0.1/0.1/0.2,yes,APS,marginal,0.2,0.8,0.8175,0.0091,1.3218,0.0081 0.6517,0.6517,1,0.5824,0.4442,roc_auc_weighted_ovr,0-4,done,true,9161799,2026-06-22,0739be1
mimic3-readmission-RETAIN-APS-marginal,mimic3,readmission,binary,RETAIN,patient 0.6/0.1/0.1/0.2,yes,APS,marginal,0.1,0.9,0.9041,0.0049,1.6292,0.0038 0.3435,0.3435,1,0.5824,0.4442,roc_auc_weighted_ovr,0-4,done,true,9161799,2026-06-22,0739be1
mimic3-readmission-RETAIN-APS-marginal,mimic3,readmission,binary,RETAIN,patient 0.6/0.1/0.1/0.2,yes,APS,marginal,0.05,0.95,0.9696,0.0072,1.8836,0.0018 0.1067,0.1067,1,0.5824,0.4442,roc_auc_weighted_ovr,0-4,done,true,9161799,2026-06-22,0739be1
mimic3-readmission-RETAIN-APS-marginal,mimic3,readmission,binary,RETAIN,patient 0.6/0.1/0.1/0.2,yes,APS,marginal,0.01,0.99,0.9973,0.0014,1.9916,0.0000 0.0098,0.0098,1,0.5824,0.4442,roc_auc_weighted_ovr,0-4,done,true,9161799,2026-06-22,0739be1
mimic3-readmission-RETAIN-RAPS-marginal,mimic3,readmission,binary,RETAIN,patient 0.6/0.1/0.1/0.2,yes,RAPS,marginal,0.2,0.8,0.8175,0.0091,1.3218,0.0081 0.6517,0.6517,1,0.5824,0.4442,roc_auc_weighted_ovr,0-4,done,true,9161799,2026-06-22,0739be1
mimic3-readmission-RETAIN-RAPS-marginal,mimic3,readmission,binary,RETAIN,patient 0.6/0.1/0.1/0.2,yes,RAPS,marginal,0.1,0.9,0.9041,0.0049,1.6292,0.0038 0.3435,0.3435,1,0.5824,0.4442,roc_auc_weighted_ovr,0-4,done,true,9161799,2026-06-22,0739be1
mimic3-readmission-RETAIN-RAPS-marginal,mimic3,readmission,binary,RETAIN,patient 0.6/0.1/0.1/0.2,yes,RAPS,marginal,0.05,0.95,0.9696,0.0072,1.8836,0.0018 0.1067,0.1067,1,0.5824,0.4442,roc_auc_weighted_ovr,0-4,done,true,9161799,2026-06-22,0739be1
mimic3-readmission-RETAIN-RAPS-marginal,mimic3,readmission,binary,RETAIN,patient 0.6/0.1/0.1/0.2,yes,RAPS,marginal,0.01,0.99,0.9973,0.0014,1.9916,0.0000 0.0098,0.0098,1,0.5824,0.4442,roc_auc_weighted_ovr,0-4,done,true,9161799,2026-06-22,0739be1
mimic4-los-Transformer-APS-marginal,mimic4,los,multiclass,Transformer,patient 0.6/0.1/0.1/0.2,yes,APS,marginal,0.2,0.8,0.8027,0.0027,3.9723,0.2689 0.2199 0.1487 0.1640 0.1716 0.1874 0.2428 0.3649 0.1521 0.2261,0.3649,7,0.8068,0.3164,f1_macro,0-4,done,true,9161798,2026-06-22,0739be1
mimic4-los-Transformer-APS-marginal,mimic4,los,multiclass,Transformer,patient 0.6/0.1/0.1/0.2,yes,APS,marginal,0.1,0.9,0.9011,0.0025,5.0307,0.1196 0.1369 0.0812 0.0810 0.0782 0.0778 0.1016 0.1809 0.0749 0.1147,0.1809,7,0.8068,0.3164,f1_macro,0-4,done,true,9161798,2026-06-22,0739be1
mimic4-los-Transformer-APS-marginal,mimic4,los,multiclass,Transformer,patient 0.6/0.1/0.1/0.2,yes,APS,marginal,0.05,0.95,0.9509,0.0027,5.9364,0.0644 0.0754 0.0424 0.0375 0.0322 0.0332 0.0447 0.0822 0.0372 0.0624,0.0822,7,0.8068,0.3164,f1_macro,0-4,done,true,9161798,2026-06-22,0739be1
mimic4-los-Transformer-APS-marginal,mimic4,los,multiclass,Transformer,patient 0.6/0.1/0.1/0.2,yes,APS,marginal,0.01,0.99,0.9895,0.0007,7.5748,0.0282 0.0121 0.0065 0.0048 0.0030 0.0027 0.0036 0.0145 0.0146 0.0217,0.0282,0,0.8068,0.3164,f1_macro,0-4,done,true,9161798,2026-06-22,0739be1
mimic4-los-Transformer-RAPS-marginal,mimic4,los,multiclass,Transformer,patient 0.6/0.1/0.1/0.2,yes,RAPS,marginal,0.2,0.8,0.8033,0.0034,3.9553,0.2590 0.2180 0.1487 0.1640 0.1700 0.1842 0.2490 0.3763 0.1542 0.2210,0.3763,7,0.8068,0.3164,f1_macro,0-4,done,true,9161798,2026-06-22,0739be1
mimic4-los-Transformer-RAPS-marginal,mimic4,los,multiclass,Transformer,patient 0.6/0.1/0.1/0.2,yes,RAPS,marginal,0.1,0.9,0.9011,0.0027,4.9796,0.1074 0.1279 0.0895 0.0788 0.0746 0.0719 0.1086 0.2098 0.0775 0.1124,0.2098,7,0.8068,0.3164,f1_macro,0-4,done,true,9161798,2026-06-22,0739be1
mimic4-los-Transformer-RAPS-marginal,mimic4,los,multiclass,Transformer,patient 0.6/0.1/0.1/0.2,yes,RAPS,marginal,0.05,0.95,0.9495,0.0017,6.1187,0.0646 0.0679 0.0493 0.0381 0.0148 0.0152 0.0511 0.1256 0.0478 0.0724,0.1256,7,0.8068,0.3164,f1_macro,0-4,done,true,9161798,2026-06-22,0739be1
mimic4-los-Transformer-RAPS-marginal,mimic4,los,multiclass,Transformer,patient 0.6/0.1/0.1/0.2,yes,RAPS,marginal,0.01,0.99,0.9895,0.0006,8.1856,0.0351 0.0182 0.0004 0.0002 0.0004 0.0001 0.0015 0.0163 0.0174 0.0249,0.0351,0,0.8068,0.3164,f1_macro,0-4,done,true,9161798,2026-06-22,0739be1
mimic4-los-RNN-APS-marginal,mimic4,los,multiclass,RNN,patient 0.6/0.1/0.1/0.2,yes,APS,marginal,0.2,0.8,0.8028,0.0023,3.2388,0.2047 0.1743 0.1012 0.1541 0.1357 0.1750 0.2002 0.3546 0.1786 0.5219,0.5219,9,0.8606,0.3826,f1_macro,0-4,done,true,9161798,2026-06-22,0739be1
mimic4-los-RNN-APS-marginal,mimic4,los,multiclass,RNN,patient 0.6/0.1/0.1/0.2,yes,APS,marginal,0.1,0.9,0.9006,0.0024,4.1431,0.0609 0.0925 0.0515 0.0632 0.0523 0.0680 0.0917 0.1660 0.1155 0.3266,0.3266,9,0.8606,0.3826,f1_macro,0-4,done,true,9161798,2026-06-22,0739be1
mimic4-los-RNN-APS-marginal,mimic4,los,multiclass,RNN,patient 0.6/0.1/0.1/0.2,yes,APS,marginal,0.05,0.95,0.9501,0.0022,4.9337,0.0185 0.0450 0.0243 0.0235 0.0215 0.0263 0.0346 0.0743 0.0645 0.2089,0.2089,9,0.8606,0.3826,f1_macro,0-4,done,true,9161798,2026-06-22,0739be1
mimic4-los-RNN-APS-marginal,mimic4,los,multiclass,RNN,patient 0.6/0.1/0.1/0.2,yes,APS,marginal,0.01,0.99,0.9894,0.0012,6.3491,0.0075 0.0049 0.0033 0.0019 0.0015 0.0025 0.0030 0.0131 0.0173 0.0642,0.0642,9,0.8606,0.3826,f1_macro,0-4,done,true,9161798,2026-06-22,0739be1
mimic4-los-RNN-RAPS-marginal,mimic4,los,multiclass,RNN,patient 0.6/0.1/0.1/0.2,yes,RAPS,marginal,0.2,0.8,0.8026,0.0022,3.2314,0.2021 0.1734 0.1010 0.1525 0.1350 0.1751 0.2031 0.3624 0.1817 0.5200,0.52,9,0.8606,0.3826,f1_macro,0-4,done,true,9161798,2026-06-22,0739be1
mimic4-los-RNN-RAPS-marginal,mimic4,los,multiclass,RNN,patient 0.6/0.1/0.1/0.2,yes,RAPS,marginal,0.1,0.9,0.9008,0.0024,4.116,0.0545 0.0884 0.0490 0.0609 0.0487 0.0660 0.1049 0.1921 0.1233 0.3118,0.3118,9,0.8606,0.3826,f1_macro,0-4,done,true,9161798,2026-06-22,0739be1
mimic4-los-RNN-RAPS-marginal,mimic4,los,multiclass,RNN,patient 0.6/0.1/0.1/0.2,yes,RAPS,marginal,0.05,0.95,0.9503,0.0024,4.8406,0.0197 0.0302 0.0244 0.0180 0.0148 0.0305 0.0535 0.1223 0.0768 0.1807,0.1807,9,0.8606,0.3826,f1_macro,0-4,done,true,9161798,2026-06-22,0739be1
mimic4-los-RNN-RAPS-marginal,mimic4,los,multiclass,RNN,patient 0.6/0.1/0.1/0.2,yes,RAPS,marginal,0.01,0.99,0.9894,0.0008,6.8536,0.0097 0.0101 0.0021 0.0005 0.0001 0.0001 0.0027 0.0370 0.0271 0.0298,0.037,7,0.8606,0.3826,f1_macro,0-4,done,true,9161798,2026-06-22,0739be1
mimic4-los-RETAIN-APS-marginal,mimic4,los,multiclass,RETAIN,patient 0.6/0.1/0.1/0.2,yes,APS,marginal,0.2,0.8,0.7992,0.0036,3.2656,0.1966 0.1878 0.1061 0.1532 0.1362 0.1844 0.2320 0.4053 0.1751 0.4839,0.4839,9,0.8559,0.3732,f1_macro,0-4,done,true,9161798,2026-06-22,0739be1
mimic4-los-RETAIN-APS-marginal,mimic4,los,multiclass,RETAIN,patient 0.6/0.1/0.1/0.2,yes,APS,marginal,0.1,0.9,0.8992,0.0029,4.1548,0.0705 0.0966 0.0512 0.0733 0.0527 0.0759 0.1080 0.2092 0.1179 0.2615,0.2615,9,0.8559,0.3732,f1_macro,0-4,done,true,9161798,2026-06-22,0739be1
mimic4-los-RETAIN-APS-marginal,mimic4,los,multiclass,RETAIN,patient 0.6/0.1/0.1/0.2,yes,APS,marginal,0.05,0.95,0.9498,0.0022,4.8997,0.0263 0.0495 0.0279 0.0315 0.0213 0.0313 0.0448 0.0987 0.0687 0.1443,0.1443,9,0.8559,0.3732,f1_macro,0-4,done,true,9161798,2026-06-22,0739be1
mimic4-los-RETAIN-APS-marginal,mimic4,los,multiclass,RETAIN,patient 0.6/0.1/0.1/0.2,yes,APS,marginal,0.01,0.99,0.9894,0.0009,6.2502,0.0065 0.0086 0.0052 0.0039 0.0023 0.0046 0.0066 0.0189 0.0203 0.0363,0.0363,9,0.8559,0.3732,f1_macro,0-4,done,true,9161798,2026-06-22,0739be1
mimic4-los-RETAIN-RAPS-marginal,mimic4,los,multiclass,RETAIN,patient 0.6/0.1/0.1/0.2,yes,RAPS,marginal,0.2,0.8,0.7992,0.0039,3.2592,0.1948 0.1864 0.1056 0.1520 0.1351 0.1849 0.2357 0.4120 0.1772 0.4812,0.4812,9,0.8559,0.3732,f1_macro,0-4,done,true,9161798,2026-06-22,0739be1
mimic4-los-RETAIN-RAPS-marginal,mimic4,los,multiclass,RETAIN,patient 0.6/0.1/0.1/0.2,yes,RAPS,marginal,0.1,0.9,0.8993,0.0031,4.1246,0.0639 0.0917 0.0490 0.0699 0.0492 0.0753 0.1190 0.2399 0.1257 0.2491,0.2491,9,0.8559,0.3732,f1_macro,0-4,done,true,9161798,2026-06-22,0739be1
mimic4-los-RETAIN-RAPS-marginal,mimic4,los,multiclass,RETAIN,patient 0.6/0.1/0.1/0.2,yes,RAPS,marginal,0.05,0.95,0.9489,0.0025,4.8257,0.0233 0.0395 0.0265 0.0255 0.0143 0.0332 0.0609 0.1457 0.0834 0.1286,0.1457,7,0.8559,0.3732,f1_macro,0-4,done,true,9161798,2026-06-22,0739be1
mimic4-los-RETAIN-RAPS-marginal,mimic4,los,multiclass,RETAIN,patient 0.6/0.1/0.1/0.2,yes,RAPS,marginal,0.01,0.99,0.99,0.0008,7.0523,0.0071 0.0081 0.0014 0.0001 0.0001 0.0001 0.0013 0.0340 0.0279 0.0320,0.034,7,0.8559,0.3732,f1_macro,0-4,done,true,9161798,2026-06-22,0739be1
mimic4-mortality-Transformer-APS-marginal,mimic4,mortality,binary,Transformer,patient 0.6/0.1/0.1/0.2,yes,APS,marginal,0.2,0.8,0.8023,0.0025,0.8244,0.1791 0.9979,0.9979,1,0.6819,0.4962,roc_auc_weighted_ovr,0-4,done,true,9161798,2026-06-22,0739be1
mimic4-mortality-Transformer-APS-marginal,mimic4,mortality,binary,Transformer,patient 0.6/0.1/0.1/0.2,yes,APS,marginal,0.1,0.9,0.9002,0.0014,0.9231,0.0789 0.9979,0.9979,1,0.6819,0.4962,roc_auc_weighted_ovr,0-4,done,true,9161798,2026-06-22,0739be1
mimic4-mortality-Transformer-APS-marginal,mimic4,mortality,binary,Transformer,patient 0.6/0.1/0.1/0.2,yes,APS,marginal,0.05,0.95,0.9517,0.0031,0.9748,0.0262 0.9979,0.9979,1,0.6819,0.4962,roc_auc_weighted_ovr,0-4,done,true,9161798,2026-06-22,0739be1
mimic4-mortality-Transformer-APS-marginal,mimic4,mortality,binary,Transformer,patient 0.6/0.1/0.1/0.2,yes,APS,marginal,0.01,0.99,0.9907,0.0014,1.609,0.0001 0.4012,0.4012,1,0.6819,0.4962,roc_auc_weighted_ovr,0-4,done,true,9161798,2026-06-22,0739be1
mimic4-mortality-Transformer-RAPS-marginal,mimic4,mortality,binary,Transformer,patient 0.6/0.1/0.1/0.2,yes,RAPS,marginal,0.2,0.8,0.8023,0.0025,0.8244,0.1791 0.9979,0.9979,1,0.6819,0.4962,roc_auc_weighted_ovr,0-4,done,true,9161798,2026-06-22,0739be1
mimic4-mortality-Transformer-RAPS-marginal,mimic4,mortality,binary,Transformer,patient 0.6/0.1/0.1/0.2,yes,RAPS,marginal,0.1,0.9,0.9002,0.0014,0.9231,0.0789 0.9979,0.9979,1,0.6819,0.4962,roc_auc_weighted_ovr,0-4,done,true,9161798,2026-06-22,0739be1
mimic4-mortality-Transformer-RAPS-marginal,mimic4,mortality,binary,Transformer,patient 0.6/0.1/0.1/0.2,yes,RAPS,marginal,0.05,0.95,0.9517,0.0031,0.9748,0.0262 0.9979,0.9979,1,0.6819,0.4962,roc_auc_weighted_ovr,0-4,done,true,9161798,2026-06-22,0739be1
mimic4-mortality-Transformer-RAPS-marginal,mimic4,mortality,binary,Transformer,patient 0.6/0.1/0.1/0.2,yes,RAPS,marginal,0.01,0.99,0.9907,0.0014,1.609,0.0001 0.4012,0.4012,1,0.6819,0.4962,roc_auc_weighted_ovr,0-4,done,true,9161798,2026-06-22,0739be1
mimic4-mortality-RNN-APS-marginal,mimic4,mortality,binary,RNN,patient 0.6/0.1/0.1/0.2,yes,APS,marginal,0.2,0.8,0.8001,0.0031,0.8224,0.1814 0.9969,0.9969,1,0.7414,0.4972,roc_auc_weighted_ovr,0-4,done,true,9161798,2026-06-22,0739be1
mimic4-mortality-RNN-APS-marginal,mimic4,mortality,binary,RNN,patient 0.6/0.1/0.1/0.2,yes,APS,marginal,0.1,0.9,0.8996,0.0024,0.9224,0.0795 0.9969,0.9969,1,0.7414,0.4972,roc_auc_weighted_ovr,0-4,done,true,9161798,2026-06-22,0739be1
mimic4-mortality-RNN-APS-marginal,mimic4,mortality,binary,RNN,patient 0.6/0.1/0.1/0.2,yes,APS,marginal,0.05,0.95,0.9511,0.0015,0.974,0.0269 0.9969,0.9969,1,0.7414,0.4972,roc_auc_weighted_ovr,0-4,done,true,9161798,2026-06-22,0739be1
mimic4-mortality-RNN-APS-marginal,mimic4,mortality,binary,RNN,patient 0.6/0.1/0.1/0.2,yes,APS,marginal,0.01,0.99,0.9907,0.0013,1.5846,0.0001 0.4048,0.4048,1,0.7414,0.4972,roc_auc_weighted_ovr,0-4,done,true,9161798,2026-06-22,0739be1
mimic4-mortality-RNN-RAPS-marginal,mimic4,mortality,binary,RNN,patient 0.6/0.1/0.1/0.2,yes,RAPS,marginal,0.2,0.8,0.8001,0.0031,0.8224,0.1814 0.9969,0.9969,1,0.7414,0.4972,roc_auc_weighted_ovr,0-4,done,true,9161798,2026-06-22,0739be1
mimic4-mortality-RNN-RAPS-marginal,mimic4,mortality,binary,RNN,patient 0.6/0.1/0.1/0.2,yes,RAPS,marginal,0.1,0.9,0.8996,0.0024,0.9224,0.0795 0.9969,0.9969,1,0.7414,0.4972,roc_auc_weighted_ovr,0-4,done,true,9161798,2026-06-22,0739be1
mimic4-mortality-RNN-RAPS-marginal,mimic4,mortality,binary,RNN,patient 0.6/0.1/0.1/0.2,yes,RAPS,marginal,0.05,0.95,0.9511,0.0015,0.974,0.0269 0.9969,0.9969,1,0.7414,0.4972,roc_auc_weighted_ovr,0-4,done,true,9161798,2026-06-22,0739be1
mimic4-mortality-RNN-RAPS-marginal,mimic4,mortality,binary,RNN,patient 0.6/0.1/0.1/0.2,yes,RAPS,marginal,0.01,0.99,0.9907,0.0013,1.5846,0.0001 0.4048,0.4048,1,0.7414,0.4972,roc_auc_weighted_ovr,0-4,done,true,9161798,2026-06-22,0739be1
mimic4-mortality-RETAIN-APS-marginal,mimic4,mortality,binary,RETAIN,patient 0.6/0.1/0.1/0.2,yes,APS,marginal,0.2,0.8,0.8026,0.0026,0.8248,0.1788 0.9986,0.9986,1,0.734,0.4956,roc_auc_weighted_ovr,0-4,done,true,9161798,2026-06-22,0739be1
mimic4-mortality-RETAIN-APS-marginal,mimic4,mortality,binary,RETAIN,patient 0.6/0.1/0.1/0.2,yes,APS,marginal,0.1,0.9,0.9001,0.0036,0.9227,0.0790 0.9986,0.9986,1,0.734,0.4956,roc_auc_weighted_ovr,0-4,done,true,9161798,2026-06-22,0739be1
mimic4-mortality-RETAIN-APS-marginal,mimic4,mortality,binary,RETAIN,patient 0.6/0.1/0.1/0.2,yes,APS,marginal,0.05,0.95,0.9507,0.0021,0.9735,0.0272 0.9986,0.9986,1,0.734,0.4956,roc_auc_weighted_ovr,0-4,done,true,9161798,2026-06-22,0739be1
mimic4-mortality-RETAIN-APS-marginal,mimic4,mortality,binary,RETAIN,patient 0.6/0.1/0.1/0.2,yes,APS,marginal,0.01,0.99,0.9901,0.0009,1.5733,0.0000 0.4336,0.4336,1,0.734,0.4956,roc_auc_weighted_ovr,0-4,done,true,9161798,2026-06-22,0739be1
mimic4-mortality-RETAIN-RAPS-marginal,mimic4,mortality,binary,RETAIN,patient 0.6/0.1/0.1/0.2,yes,RAPS,marginal,0.2,0.8,0.8026,0.0026,0.8248,0.1788 0.9986,0.9986,1,0.734,0.4956,roc_auc_weighted_ovr,0-4,done,true,9161798,2026-06-22,0739be1
mimic4-mortality-RETAIN-RAPS-marginal,mimic4,mortality,binary,RETAIN,patient 0.6/0.1/0.1/0.2,yes,RAPS,marginal,0.1,0.9,0.9001,0.0036,0.9227,0.0790 0.9986,0.9986,1,0.734,0.4956,roc_auc_weighted_ovr,0-4,done,true,9161798,2026-06-22,0739be1
mimic4-mortality-RETAIN-RAPS-marginal,mimic4,mortality,binary,RETAIN,patient 0.6/0.1/0.1/0.2,yes,RAPS,marginal,0.05,0.95,0.9507,0.0021,0.9735,0.0272 0.9986,0.9986,1,0.734,0.4956,roc_auc_weighted_ovr,0-4,done,true,9161798,2026-06-22,0739be1
mimic4-mortality-RETAIN-RAPS-marginal,mimic4,mortality,binary,RETAIN,patient 0.6/0.1/0.1/0.2,yes,RAPS,marginal,0.01,0.99,0.9901,0.0009,1.5733,0.0000 0.4336,0.4336,1,0.734,0.4956,roc_auc_weighted_ovr,0-4,done,true,9161798,2026-06-22,0739be1
mimic4-readmission-Transformer-APS-marginal,mimic4,readmission,binary,Transformer,patient 0.6/0.1/0.1/0.2,yes,APS,marginal,0.2,0.8,,,,,,,,,roc_auc_weighted_ovr,0-4,planned,,,,
mimic4-readmission-Transformer-APS-marginal,mimic4,readmission,binary,Transformer,patient 0.6/0.1/0.1/0.2,yes,APS,marginal,0.1,0.9,,,,,,,,,roc_auc_weighted_ovr,0-4,planned,,,,
mimic4-readmission-Transformer-APS-marginal,mimic4,readmission,binary,Transformer,patient 0.6/0.1/0.1/0.2,yes,APS,marginal,0.05,0.95,,,,,,,,,roc_auc_weighted_ovr,0-4,planned,,,,
mimic4-readmission-Transformer-APS-marginal,mimic4,readmission,binary,Transformer,patient 0.6/0.1/0.1/0.2,yes,APS,marginal,0.01,0.99,,,,,,,,,roc_auc_weighted_ovr,0-4,planned,,,,
mimic4-readmission-Transformer-RAPS-marginal,mimic4,readmission,binary,Transformer,patient 0.6/0.1/0.1/0.2,yes,RAPS,marginal,0.2,0.8,,,,,,,,,roc_auc_weighted_ovr,0-4,planned,,,,
mimic4-readmission-Transformer-RAPS-marginal,mimic4,readmission,binary,Transformer,patient 0.6/0.1/0.1/0.2,yes,RAPS,marginal,0.1,0.9,,,,,,,,,roc_auc_weighted_ovr,0-4,planned,,,,
mimic4-readmission-Transformer-RAPS-marginal,mimic4,readmission,binary,Transformer,patient 0.6/0.1/0.1/0.2,yes,RAPS,marginal,0.05,0.95,,,,,,,,,roc_auc_weighted_ovr,0-4,planned,,,,
mimic4-readmission-Transformer-RAPS-marginal,mimic4,readmission,binary,Transformer,patient 0.6/0.1/0.1/0.2,yes,RAPS,marginal,0.01,0.99,,,,,,,,,roc_auc_weighted_ovr,0-4,planned,,,,
mimic4-readmission-RNN-APS-marginal,mimic4,readmission,binary,RNN,patient 0.6/0.1/0.1/0.2,yes,APS,marginal,0.2,0.8,,,,,,,,,roc_auc_weighted_ovr,0-4,planned,,,,
mimic4-readmission-RNN-APS-marginal,mimic4,readmission,binary,RNN,patient 0.6/0.1/0.1/0.2,yes,APS,marginal,0.1,0.9,,,,,,,,,roc_auc_weighted_ovr,0-4,planned,,,,
mimic4-readmission-RNN-APS-marginal,mimic4,readmission,binary,RNN,patient 0.6/0.1/0.1/0.2,yes,APS,marginal,0.05,0.95,,,,,,,,,roc_auc_weighted_ovr,0-4,planned,,,,
mimic4-readmission-RNN-APS-marginal,mimic4,readmission,binary,RNN,patient 0.6/0.1/0.1/0.2,yes,APS,marginal,0.01,0.99,,,,,,,,,roc_auc_weighted_ovr,0-4,planned,,,,
mimic4-readmission-RNN-RAPS-marginal,mimic4,readmission,binary,RNN,patient 0.6/0.1/0.1/0.2,yes,RAPS,marginal,0.2,0.8,,,,,,,,,roc_auc_weighted_ovr,0-4,planned,,,,
mimic4-readmission-RNN-RAPS-marginal,mimic4,readmission,binary,RNN,patient 0.6/0.1/0.1/0.2,yes,RAPS,marginal,0.1,0.9,,,,,,,,,roc_auc_weighted_ovr,0-4,planned,,,,
mimic4-readmission-RNN-RAPS-marginal,mimic4,readmission,binary,RNN,patient 0.6/0.1/0.1/0.2,yes,RAPS,marginal,0.05,0.95,,,,,,,,,roc_auc_weighted_ovr,0-4,planned,,,,
mimic4-readmission-RNN-RAPS-marginal,mimic4,readmission,binary,RNN,patient 0.6/0.1/0.1/0.2,yes,RAPS,marginal,0.01,0.99,,,,,,,,,roc_auc_weighted_ovr,0-4,planned,,,,
mimic4-readmission-RETAIN-APS-marginal,mimic4,readmission,binary,RETAIN,patient 0.6/0.1/0.1/0.2,yes,APS,marginal,0.2,0.8,,,,,,,,,roc_auc_weighted_ovr,0-4,planned,,,,
mimic4-readmission-RETAIN-APS-marginal,mimic4,readmission,binary,RETAIN,patient 0.6/0.1/0.1/0.2,yes,APS,marginal,0.1,0.9,,,,,,,,,roc_auc_weighted_ovr,0-4,planned,,,,
mimic4-readmission-RETAIN-APS-marginal,mimic4,readmission,binary,RETAIN,patient 0.6/0.1/0.1/0.2,yes,APS,marginal,0.05,0.95,,,,,,,,,roc_auc_weighted_ovr,0-4,planned,,,,
mimic4-readmission-RETAIN-APS-marginal,mimic4,readmission,binary,RETAIN,patient 0.6/0.1/0.1/0.2,yes,APS,marginal,0.01,0.99,,,,,,,,,roc_auc_weighted_ovr,0-4,planned,,,,
mimic4-readmission-RETAIN-RAPS-marginal,mimic4,readmission,binary,RETAIN,patient 0.6/0.1/0.1/0.2,yes,RAPS,marginal,0.2,0.8,,,,,,,,,roc_auc_weighted_ovr,0-4,planned,,,,
mimic4-readmission-RETAIN-RAPS-marginal,mimic4,readmission,binary,RETAIN,patient 0.6/0.1/0.1/0.2,yes,RAPS,marginal,0.1,0.9,,,,,,,,,roc_auc_weighted_ovr,0-4,planned,,,,
mimic4-readmission-RETAIN-RAPS-marginal,mimic4,readmission,binary,RETAIN,patient 0.6/0.1/0.1/0.2,yes,RAPS,marginal,0.05,0.95,,,,,,,,,roc_auc_weighted_ovr,0-4,planned,,,,
mimic4-readmission-RETAIN-RAPS-marginal,mimic4,readmission,binary,RETAIN,patient 0.6/0.1/0.1/0.2,yes,RAPS,marginal,0.01,0.99,,,,,,,,,roc_auc_weighted_ovr,0-4,planned,,,,
eicu-los-Transformer-APS-marginal,eicu,los,multiclass,Transformer,patient 0.6/0.1/0.1/0.2,yes,APS,marginal,0.2,0.8,,,,,,,,,f1_macro,0-4,planned,,,,
eicu-los-Transformer-APS-marginal,eicu,los,multiclass,Transformer,patient 0.6/0.1/0.1/0.2,yes,APS,marginal,0.1,0.9,,,,,,,,,f1_macro,0-4,planned,,,,
eicu-los-Transformer-APS-marginal,eicu,los,multiclass,Transformer,patient 0.6/0.1/0.1/0.2,yes,APS,marginal,0.05,0.95,,,,,,,,,f1_macro,0-4,planned,,,,
eicu-los-Transformer-APS-marginal,eicu,los,multiclass,Transformer,patient 0.6/0.1/0.1/0.2,yes,APS,marginal,0.01,0.99,,,,,,,,,f1_macro,0-4,planned,,,,
eicu-los-Transformer-RAPS-marginal,eicu,los,multiclass,Transformer,patient 0.6/0.1/0.1/0.2,yes,RAPS,marginal,0.2,0.8,,,,,,,,,f1_macro,0-4,planned,,,,
eicu-los-Transformer-RAPS-marginal,eicu,los,multiclass,Transformer,patient 0.6/0.1/0.1/0.2,yes,RAPS,marginal,0.1,0.9,,,,,,,,,f1_macro,0-4,planned,,,,
eicu-los-Transformer-RAPS-marginal,eicu,los,multiclass,Transformer,patient 0.6/0.1/0.1/0.2,yes,RAPS,marginal,0.05,0.95,,,,,,,,,f1_macro,0-4,planned,,,,
eicu-los-Transformer-RAPS-marginal,eicu,los,multiclass,Transformer,patient 0.6/0.1/0.1/0.2,yes,RAPS,marginal,0.01,0.99,,,,,,,,,f1_macro,0-4,planned,,,,
eicu-los-RNN-APS-marginal,eicu,los,multiclass,RNN,patient 0.6/0.1/0.1/0.2,yes,APS,marginal,0.2,0.8,,,,,,,,,f1_macro,0-4,planned,,,,
eicu-los-RNN-APS-marginal,eicu,los,multiclass,RNN,patient 0.6/0.1/0.1/0.2,yes,APS,marginal,0.1,0.9,,,,,,,,,f1_macro,0-4,planned,,,,
eicu-los-RNN-APS-marginal,eicu,los,multiclass,RNN,patient 0.6/0.1/0.1/0.2,yes,APS,marginal,0.05,0.95,,,,,,,,,f1_macro,0-4,planned,,,,
eicu-los-RNN-APS-marginal,eicu,los,multiclass,RNN,patient 0.6/0.1/0.1/0.2,yes,APS,marginal,0.01,0.99,,,,,,,,,f1_macro,0-4,planned,,,,
eicu-los-RNN-RAPS-marginal,eicu,los,multiclass,RNN,patient 0.6/0.1/0.1/0.2,yes,RAPS,marginal,0.2,0.8,,,,,,,,,f1_macro,0-4,planned,,,,
eicu-los-RNN-RAPS-marginal,eicu,los,multiclass,RNN,patient 0.6/0.1/0.1/0.2,yes,RAPS,marginal,0.1,0.9,,,,,,,,,f1_macro,0-4,planned,,,,
eicu-los-RNN-RAPS-marginal,eicu,los,multiclass,RNN,patient 0.6/0.1/0.1/0.2,yes,RAPS,marginal,0.05,0.95,,,,,,,,,f1_macro,0-4,planned,,,,
eicu-los-RNN-RAPS-marginal,eicu,los,multiclass,RNN,patient 0.6/0.1/0.1/0.2,yes,RAPS,marginal,0.01,0.99,,,,,,,,,f1_macro,0-4,planned,,,,
eicu-los-RETAIN-APS-marginal,eicu,los,multiclass,RETAIN,patient 0.6/0.1/0.1/0.2,yes,APS,marginal,0.2,0.8,,,,,,,,,f1_macro,0-4,planned,,,,
eicu-los-RETAIN-APS-marginal,eicu,los,multiclass,RETAIN,patient 0.6/0.1/0.1/0.2,yes,APS,marginal,0.1,0.9,,,,,,,,,f1_macro,0-4,planned,,,,
eicu-los-RETAIN-APS-marginal,eicu,los,multiclass,RETAIN,patient 0.6/0.1/0.1/0.2,yes,APS,marginal,0.05,0.95,,,,,,,,,f1_macro,0-4,planned,,,,
eicu-los-RETAIN-APS-marginal,eicu,los,multiclass,RETAIN,patient 0.6/0.1/0.1/0.2,yes,APS,marginal,0.01,0.99,,,,,,,,,f1_macro,0-4,planned,,,,
eicu-los-RETAIN-RAPS-marginal,eicu,los,multiclass,RETAIN,patient 0.6/0.1/0.1/0.2,yes,RAPS,marginal,0.2,0.8,,,,,,,,,f1_macro,0-4,planned,,,,
eicu-los-RETAIN-RAPS-marginal,eicu,los,multiclass,RETAIN,patient 0.6/0.1/0.1/0.2,yes,RAPS,marginal,0.1,0.9,,,,,,,,,f1_macro,0-4,planned,,,,
eicu-los-RETAIN-RAPS-marginal,eicu,los,multiclass,RETAIN,patient 0.6/0.1/0.1/0.2,yes,RAPS,marginal,0.05,0.95,,,,,,,,,f1_macro,0-4,planned,,,,
eicu-los-RETAIN-RAPS-marginal,eicu,los,multiclass,RETAIN,patient 0.6/0.1/0.1/0.2,yes,RAPS,marginal,0.01,0.99,,,,,,,,,f1_macro,0-4,planned,,,,
eicu-mortality-Transformer-APS-marginal,eicu,mortality,binary,Transformer,patient 0.6/0.1/0.1/0.2,yes,APS,marginal,0.2,0.8,,,,,,,,,roc_auc_weighted_ovr,0-4,planned,,,,
eicu-mortality-Transformer-APS-marginal,eicu,mortality,binary,Transformer,patient 0.6/0.1/0.1/0.2,yes,APS,marginal,0.1,0.9,,,,,,,,,roc_auc_weighted_ovr,0-4,planned,,,,
eicu-mortality-Transformer-APS-marginal,eicu,mortality,binary,Transformer,patient 0.6/0.1/0.1/0.2,yes,APS,marginal,0.05,0.95,,,,,,,,,roc_auc_weighted_ovr,0-4,planned,,,,
eicu-mortality-Transformer-APS-marginal,eicu,mortality,binary,Transformer,patient 0.6/0.1/0.1/0.2,yes,APS,marginal,0.01,0.99,,,,,,,,,roc_auc_weighted_ovr,0-4,planned,,,,
eicu-mortality-Transformer-RAPS-marginal,eicu,mortality,binary,Transformer,patient 0.6/0.1/0.1/0.2,yes,RAPS,marginal,0.2,0.8,,,,,,,,,roc_auc_weighted_ovr,0-4,planned,,,,
eicu-mortality-Transformer-RAPS-marginal,eicu,mortality,binary,Transformer,patient 0.6/0.1/0.1/0.2,yes,RAPS,marginal,0.1,0.9,,,,,,,,,roc_auc_weighted_ovr,0-4,planned,,,,
eicu-mortality-Transformer-RAPS-marginal,eicu,mortality,binary,Transformer,patient 0.6/0.1/0.1/0.2,yes,RAPS,marginal,0.05,0.95,,,,,,,,,roc_auc_weighted_ovr,0-4,planned,,,,
eicu-mortality-Transformer-RAPS-marginal,eicu,mortality,binary,Transformer,patient 0.6/0.1/0.1/0.2,yes,RAPS,marginal,0.01,0.99,,,,,,,,,roc_auc_weighted_ovr,0-4,planned,,,,
eicu-mortality-RNN-APS-marginal,eicu,mortality,binary,RNN,patient 0.6/0.1/0.1/0.2,yes,APS,marginal,0.2,0.8,,,,,,,,,roc_auc_weighted_ovr,0-4,planned,,,,
eicu-mortality-RNN-APS-marginal,eicu,mortality,binary,RNN,patient 0.6/0.1/0.1/0.2,yes,APS,marginal,0.1,0.9,,,,,,,,,roc_auc_weighted_ovr,0-4,planned,,,,
eicu-mortality-RNN-APS-marginal,eicu,mortality,binary,RNN,patient 0.6/0.1/0.1/0.2,yes,APS,marginal,0.05,0.95,,,,,,,,,roc_auc_weighted_ovr,0-4,planned,,,,
eicu-mortality-RNN-APS-marginal,eicu,mortality,binary,RNN,patient 0.6/0.1/0.1/0.2,yes,APS,marginal,0.01,0.99,,,,,,,,,roc_auc_weighted_ovr,0-4,planned,,,,
eicu-mortality-RNN-RAPS-marginal,eicu,mortality,binary,RNN,patient 0.6/0.1/0.1/0.2,yes,RAPS,marginal,0.2,0.8,,,,,,,,,roc_auc_weighted_ovr,0-4,planned,,,,
eicu-mortality-RNN-RAPS-marginal,eicu,mortality,binary,RNN,patient 0.6/0.1/0.1/0.2,yes,RAPS,marginal,0.1,0.9,,,,,,,,,roc_auc_weighted_ovr,0-4,planned,,,,
eicu-mortality-RNN-RAPS-marginal,eicu,mortality,binary,RNN,patient 0.6/0.1/0.1/0.2,yes,RAPS,marginal,0.05,0.95,,,,,,,,,roc_auc_weighted_ovr,0-4,planned,,,,
eicu-mortality-RNN-RAPS-marginal,eicu,mortality,binary,RNN,patient 0.6/0.1/0.1/0.2,yes,RAPS,marginal,0.01,0.99,,,,,,,,,roc_auc_weighted_ovr,0-4,planned,,,,
eicu-mortality-RETAIN-APS-marginal,eicu,mortality,binary,RETAIN,patient 0.6/0.1/0.1/0.2,yes,APS,marginal,0.2,0.8,,,,,,,,,roc_auc_weighted_ovr,0-4,planned,,,,
eicu-mortality-RETAIN-APS-marginal,eicu,mortality,binary,RETAIN,patient 0.6/0.1/0.1/0.2,yes,APS,marginal,0.1,0.9,,,,,,,,,roc_auc_weighted_ovr,0-4,planned,,,,
eicu-mortality-RETAIN-APS-marginal,eicu,mortality,binary,RETAIN,patient 0.6/0.1/0.1/0.2,yes,APS,marginal,0.05,0.95,,,,,,,,,roc_auc_weighted_ovr,0-4,planned,,,,
eicu-mortality-RETAIN-APS-marginal,eicu,mortality,binary,RETAIN,patient 0.6/0.1/0.1/0.2,yes,APS,marginal,0.01,0.99,,,,,,,,,roc_auc_weighted_ovr,0-4,planned,,,,
eicu-mortality-RETAIN-RAPS-marginal,eicu,mortality,binary,RETAIN,patient 0.6/0.1/0.1/0.2,yes,RAPS,marginal,0.2,0.8,,,,,,,,,roc_auc_weighted_ovr,0-4,planned,,,,
eicu-mortality-RETAIN-RAPS-marginal,eicu,mortality,binary,RETAIN,patient 0.6/0.1/0.1/0.2,yes,RAPS,marginal,0.1,0.9,,,,,,,,,roc_auc_weighted_ovr,0-4,planned,,,,
eicu-mortality-RETAIN-RAPS-marginal,eicu,mortality,binary,RETAIN,patient 0.6/0.1/0.1/0.2,yes,RAPS,marginal,0.05,0.95,,,,,,,,,roc_auc_weighted_ovr,0-4,planned,,,,
eicu-mortality-RETAIN-RAPS-marginal,eicu,mortality,binary,RETAIN,patient 0.6/0.1/0.1/0.2,yes,RAPS,marginal,0.01,0.99,,,,,,,,,roc_auc_weighted_ovr,0-4,planned,,,,
eicu-readmission-Transformer-APS-marginal,eicu,readmission,binary,Transformer,patient 0.6/0.1/0.1/0.2,yes,APS,marginal,0.2,0.8,,,,,,,,,roc_auc_weighted_ovr,0-4,planned,,,,
eicu-readmission-Transformer-APS-marginal,eicu,readmission,binary,Transformer,patient 0.6/0.1/0.1/0.2,yes,APS,marginal,0.1,0.9,,,,,,,,,roc_auc_weighted_ovr,0-4,planned,,,,
eicu-readmission-Transformer-APS-marginal,eicu,readmission,binary,Transformer,patient 0.6/0.1/0.1/0.2,yes,APS,marginal,0.05,0.95,,,,,,,,,roc_auc_weighted_ovr,0-4,planned,,,,
eicu-readmission-Transformer-APS-marginal,eicu,readmission,binary,Transformer,patient 0.6/0.1/0.1/0.2,yes,APS,marginal,0.01,0.99,,,,,,,,,roc_auc_weighted_ovr,0-4,planned,,,,
eicu-readmission-Transformer-RAPS-marginal,eicu,readmission,binary,Transformer,patient 0.6/0.1/0.1/0.2,yes,RAPS,marginal,0.2,0.8,,,,,,,,,roc_auc_weighted_ovr,0-4,planned,,,,
eicu-readmission-Transformer-RAPS-marginal,eicu,readmission,binary,Transformer,patient 0.6/0.1/0.1/0.2,yes,RAPS,marginal,0.1,0.9,,,,,,,,,roc_auc_weighted_ovr,0-4,planned,,,,
eicu-readmission-Transformer-RAPS-marginal,eicu,readmission,binary,Transformer,patient 0.6/0.1/0.1/0.2,yes,RAPS,marginal,0.05,0.95,,,,,,,,,roc_auc_weighted_ovr,0-4,planned,,,,
eicu-readmission-Transformer-RAPS-marginal,eicu,readmission,binary,Transformer,patient 0.6/0.1/0.1/0.2,yes,RAPS,marginal,0.01,0.99,,,,,,,,,roc_auc_weighted_ovr,0-4,planned,,,,
eicu-readmission-RNN-APS-marginal,eicu,readmission,binary,RNN,patient 0.6/0.1/0.1/0.2,yes,APS,marginal,0.2,0.8,,,,,,,,,roc_auc_weighted_ovr,0-4,planned,,,,
eicu-readmission-RNN-APS-marginal,eicu,readmission,binary,RNN,patient 0.6/0.1/0.1/0.2,yes,APS,marginal,0.1,0.9,,,,,,,,,roc_auc_weighted_ovr,0-4,planned,,,,
eicu-readmission-RNN-APS-marginal,eicu,readmission,binary,RNN,patient 0.6/0.1/0.1/0.2,yes,APS,marginal,0.05,0.95,,,,,,,,,roc_auc_weighted_ovr,0-4,planned,,,,
eicu-readmission-RNN-APS-marginal,eicu,readmission,binary,RNN,patient 0.6/0.1/0.1/0.2,yes,APS,marginal,0.01,0.99,,,,,,,,,roc_auc_weighted_ovr,0-4,planned,,,,
eicu-readmission-RNN-RAPS-marginal,eicu,readmission,binary,RNN,patient 0.6/0.1/0.1/0.2,yes,RAPS,marginal,0.2,0.8,,,,,,,,,roc_auc_weighted_ovr,0-4,planned,,,,
eicu-readmission-RNN-RAPS-marginal,eicu,readmission,binary,RNN,patient 0.6/0.1/0.1/0.2,yes,RAPS,marginal,0.1,0.9,,,,,,,,,roc_auc_weighted_ovr,0-4,planned,,,,
eicu-readmission-RNN-RAPS-marginal,eicu,readmission,binary,RNN,patient 0.6/0.1/0.1/0.2,yes,RAPS,marginal,0.05,0.95,,,,,,,,,roc_auc_weighted_ovr,0-4,planned,,,,
eicu-readmission-RNN-RAPS-marginal,eicu,readmission,binary,RNN,patient 0.6/0.1/0.1/0.2,yes,RAPS,marginal,0.01,0.99,,,,,,,,,roc_auc_weighted_ovr,0-4,planned,,,,
eicu-readmission-RETAIN-APS-marginal,eicu,readmission,binary,RETAIN,patient 0.6/0.1/0.1/0.2,yes,APS,marginal,0.2,0.8,,,,,,,,,roc_auc_weighted_ovr,0-4,planned,,,,
eicu-readmission-RETAIN-APS-marginal,eicu,readmission,binary,RETAIN,patient 0.6/0.1/0.1/0.2,yes,APS,marginal,0.1,0.9,,,,,,,,,roc_auc_weighted_ovr,0-4,planned,,,,
eicu-readmission-RETAIN-APS-marginal,eicu,readmission,binary,RETAIN,patient 0.6/0.1/0.1/0.2,yes,APS,marginal,0.05,0.95,,,,,,,,,roc_auc_weighted_ovr,0-4,planned,,,,
eicu-readmission-RETAIN-APS-marginal,eicu,readmission,binary,RETAIN,patient 0.6/0.1/0.1/0.2,yes,APS,marginal,0.01,0.99,,,,,,,,,roc_auc_weighted_ovr,0-4,planned,,,,
eicu-readmission-RETAIN-RAPS-marginal,eicu,readmission,binary,RETAIN,patient 0.6/0.1/0.1/0.2,yes,RAPS,marginal,0.2,0.8,,,,,,,,,roc_auc_weighted_ovr,0-4,planned,,,,
eicu-readmission-RETAIN-RAPS-marginal,eicu,readmission,binary,RETAIN,patient 0.6/0.1/0.1/0.2,yes,RAPS,marginal,0.1,0.9,,,,,,,,,roc_auc_weighted_ovr,0-4,planned,,,,
eicu-readmission-RETAIN-RAPS-marginal,eicu,readmission,binary,RETAIN,patient 0.6/0.1/0.1/0.2,yes,RAPS,marginal,0.05,0.95,,,,,,,,,roc_auc_weighted_ovr,0-4,planned,,,,
eicu-readmission-RETAIN-RAPS-marginal,eicu,readmission,binary,RETAIN,patient 0.6/0.1/0.1/0.2,yes,RAPS,marginal,0.01,0.99,,,,,,,,,roc_auc_weighted_ovr,0-4,planned,,,,
